feature_variant,lr,rollout_len,hidden_sizes,clip_coef,reward_temperature,max_episode_steps,seed,val_mse,final_reward,train_time_sec,episode_reward_log
full,0.0003,512,"(128, 128)",0.2,0.5,512,0,5620.482,192.24601549661082,255.88731237500906,sweep_episode_logs/fv=full_lr=0.0003_rollout=512_hidden=128x128_clip=0.2_temp=0.5_maxep=512_seed=0.csv
full,0.0003,512,"(128, 128)",0.2,0.5,512,1,3766.0747,203.323847920985,262.12780404201476,sweep_episode_logs/fv=full_lr=0.0003_rollout=512_hidden=128x128_clip=0.2_temp=0.5_maxep=512_seed=1.csv
full,0.0003,512,"(128, 128)",0.2,0.5,512,2,2330.0579,189.96422389847274,259.3981072080205,sweep_episode_logs/fv=full_lr=0.0003_rollout=512_hidden=128x128_clip=0.2_temp=0.5_maxep=512_seed=2.csv
full,0.0003,512,"(128, 128)",0.1,0.5,512,0,9231.018,197.97141192314103,260.8382691250299,sweep_episode_logs/fv=full_lr=0.0003_rollout=512_hidden=128x128_clip=0.1_temp=0.5_maxep=512_seed=0.csv
full,0.0003,512,"(128, 128)",0.1,0.5,512,1,8511.356,197.4493772042021,260.9096979590249,sweep_episode_logs/fv=full_lr=0.0003_rollout=512_hidden=128x128_clip=0.1_temp=0.5_maxep=512_seed=1.csv
full,0.0003,512,"(128, 128)",0.1,0.5,512,2,4206.885,195.5150502421435,261.222826333018,sweep_episode_logs/fv=full_lr=0.0003_rollout=512_hidden=128x128_clip=0.1_temp=0.5_maxep=512_seed=2.csv
full,0.0003,512,"(128, 128)",0.25,0.5,512,0,5942.1675,201.27162430891067,262.0985861670342,sweep_episode_logs/fv=full_lr=0.0003_rollout=512_hidden=128x128_clip=0.25_temp=0.5_maxep=512_seed=0.csv
full,0.0003,512,"(128, 128)",0.25,0.5,512,1,8581.148,197.15582802404114,261.90110254095634,sweep_episode_logs/fv=full_lr=0.0003_rollout=512_hidden=128x128_clip=0.25_temp=0.5_maxep=512_seed=1.csv
full,0.0003,512,"(128, 128)",0.25,0.5,512,2,6883.0635,199.1011586805639,261.84964625001885,sweep_episode_logs/fv=full_lr=0.0003_rollout=512_hidden=128x128_clip=0.25_temp=0.5_maxep=512_seed=2.csv
full,0.0003,512,"(256, 256)",0.2,0.5,512,0,2648.6821,204.95507583448472,261.8380057499744,sweep_episode_logs/fv=full_lr=0.0003_rollout=512_hidden=256x256_clip=0.2_temp=0.5_maxep=512_seed=0.csv
full,0.0003,512,"(256, 256)",0.2,0.5,512,1,5922.5723,196.28971674026565,261.5274791250122,sweep_episode_logs/fv=full_lr=0.0003_rollout=512_hidden=256x256_clip=0.2_temp=0.5_maxep=512_seed=1.csv
full,0.0003,512,"(256, 256)",0.2,0.5,512,2,11805.66,189.47979707401035,262.059624040965,sweep_episode_logs/fv=full_lr=0.0003_rollout=512_hidden=256x256_clip=0.2_temp=0.5_maxep=512_seed=2.csv
full,0.0003,512,"(256, 256)",0.1,0.5,512,0,9668.912,196.0216403972851,262.0363194589736,sweep_episode_logs/fv=full_lr=0.0003_rollout=512_hidden=256x256_clip=0.1_temp=0.5_maxep=512_seed=0.csv
full,0.0003,512,"(256, 256)",0.1,0.5,512,1,9433.61,198.24783889258367,261.99263791699195,sweep_episode_logs/fv=full_lr=0.0003_rollout=512_hidden=256x256_clip=0.1_temp=0.5_maxep=512_seed=1.csv
full,0.0003,512,"(256, 256)",0.1,0.5,512,2,5154.612,195.12595696374623,261.74423995800316,sweep_episode_logs/fv=full_lr=0.0003_rollout=512_hidden=256x256_clip=0.1_temp=0.5_maxep=512_seed=2.csv
full,0.0003,512,"(256, 256)",0.25,0.5,512,0,5406.5605,197.22560441979164,261.6398409170215,sweep_episode_logs/fv=full_lr=0.0003_rollout=512_hidden=256x256_clip=0.25_temp=0.5_maxep=512_seed=0.csv
full,0.0003,512,"(256, 256)",0.25,0.5,512,1,6532.384,189.9865714426258,261.8664164170041,sweep_episode_logs/fv=full_lr=0.0003_rollout=512_hidden=256x256_clip=0.25_temp=0.5_maxep=512_seed=1.csv
full,0.0003,512,"(256, 256)",0.25,0.5,512,2,9499.779,197.35428820799436,262.3903898340068,sweep_episode_logs/fv=full_lr=0.0003_rollout=512_hidden=256x256_clip=0.25_temp=0.5_maxep=512_seed=2.csv
full,0.0003,512,"(512, 512)",0.2,0.5,512,0,8598.221,198.40135015521452,262.28866654098965,sweep_episode_logs/fv=full_lr=0.0003_rollout=512_hidden=512x512_clip=0.2_temp=0.5_maxep=512_seed=0.csv
full,0.0003,512,"(512, 512)",0.2,0.5,512,1,10595.325,203.26986657662965,262.40353508404223,sweep_episode_logs/fv=full_lr=0.0003_rollout=512_hidden=512x512_clip=0.2_temp=0.5_maxep=512_seed=1.csv
full,0.0003,512,"(512, 512)",0.2,0.5,512,2,15057.903,190.33281692598513,262.46090308297426,sweep_episode_logs/fv=full_lr=0.0003_rollout=512_hidden=512x512_clip=0.2_temp=0.5_maxep=512_seed=2.csv
full,0.0003,512,"(512, 512)",0.1,0.5,512,0,7598.886,193.3848059305479,262.47802550002234,sweep_episode_logs/fv=full_lr=0.0003_rollout=512_hidden=512x512_clip=0.1_temp=0.5_maxep=512_seed=0.csv
full,0.0003,512,"(512, 512)",0.1,0.5,512,1,6309.9014,197.9648173119442,262.11212125001475,sweep_episode_logs/fv=full_lr=0.0003_rollout=512_hidden=512x512_clip=0.1_temp=0.5_maxep=512_seed=1.csv
full,0.0003,512,"(512, 512)",0.1,0.5,512,2,6050.858,194.75163044762166,262.3476399999927,sweep_episode_logs/fv=full_lr=0.0003_rollout=512_hidden=512x512_clip=0.1_temp=0.5_maxep=512_seed=2.csv
full,0.0003,512,"(512, 512)",0.25,0.5,512,0,11250.355,201.27530835811143,262.3489254169981,sweep_episode_logs/fv=full_lr=0.0003_rollout=512_hidden=512x512_clip=0.25_temp=0.5_maxep=512_seed=0.csv
full,0.0003,512,"(512, 512)",0.25,0.5,512,1,5935.2627,195.48227121268252,263.07157749996986,sweep_episode_logs/fv=full_lr=0.0003_rollout=512_hidden=512x512_clip=0.25_temp=0.5_maxep=512_seed=1.csv
full,0.0003,512,"(512, 512)",0.25,0.5,512,2,10979.33,193.1231379801171,262.23458641703473,sweep_episode_logs/fv=full_lr=0.0003_rollout=512_hidden=512x512_clip=0.25_temp=0.5_maxep=512_seed=2.csv
full,0.0003,1024,"(128, 128)",0.2,0.5,512,0,3121.0525,201.64221697030723,258.67369816696737,sweep_episode_logs/fv=full_lr=0.0003_rollout=1024_hidden=128x128_clip=0.2_temp=0.5_maxep=512_seed=0.csv
full,0.0003,1024,"(128, 128)",0.2,0.5,512,1,5060.3745,199.67991238470026,258.858203959011,sweep_episode_logs/fv=full_lr=0.0003_rollout=1024_hidden=128x128_clip=0.2_temp=0.5_maxep=512_seed=1.csv
full,0.0003,1024,"(128, 128)",0.2,0.5,512,2,4097.635,200.94675384409365,259.36219120799797,sweep_episode_logs/fv=full_lr=0.0003_rollout=1024_hidden=128x128_clip=0.2_temp=0.5_maxep=512_seed=2.csv
full,0.0003,1024,"(128, 128)",0.1,0.5,512,0,8224.794,194.31265854138996,259.16563370800577,sweep_episode_logs/fv=full_lr=0.0003_rollout=1024_hidden=128x128_clip=0.1_temp=0.5_maxep=512_seed=0.csv
full,0.0003,1024,"(128, 128)",0.1,0.5,512,1,5637.973,192.55342065681037,258.6181884590187,sweep_episode_logs/fv=full_lr=0.0003_rollout=1024_hidden=128x128_clip=0.1_temp=0.5_maxep=512_seed=1.csv
full,0.0003,1024,"(128, 128)",0.1,0.5,512,2,7141.0513,197.42961470576785,258.9782532500103,sweep_episode_logs/fv=full_lr=0.0003_rollout=1024_hidden=128x128_clip=0.1_temp=0.5_maxep=512_seed=2.csv
full,0.0003,1024,"(128, 128)",0.25,0.5,512,0,7448.4707,200.61297521808913,258.6434412919916,sweep_episode_logs/fv=full_lr=0.0003_rollout=1024_hidden=128x128_clip=0.25_temp=0.5_maxep=512_seed=0.csv
full,0.0003,1024,"(128, 128)",0.25,0.5,512,1,7337.625,199.8450889413242,258.86900337500265,sweep_episode_logs/fv=full_lr=0.0003_rollout=1024_hidden=128x128_clip=0.25_temp=0.5_maxep=512_seed=1.csv
full,0.0003,1024,"(128, 128)",0.25,0.5,512,2,2361.6,197.0698979251935,258.93858962500235,sweep_episode_logs/fv=full_lr=0.0003_rollout=1024_hidden=128x128_clip=0.25_temp=0.5_maxep=512_seed=2.csv
full,0.0003,1024,"(256, 256)",0.2,0.5,512,0,9841.894,190.74720858061042,259.09055199997965,sweep_episode_logs/fv=full_lr=0.0003_rollout=1024_hidden=256x256_clip=0.2_temp=0.5_maxep=512_seed=0.csv
full,0.0003,1024,"(256, 256)",0.2,0.5,512,1,8033.564,199.7272316108968,258.91755629202817,sweep_episode_logs/fv=full_lr=0.0003_rollout=1024_hidden=256x256_clip=0.2_temp=0.5_maxep=512_seed=1.csv
full,0.0003,1024,"(256, 256)",0.2,0.5,512,2,5838.1616,195.55248782528318,259.73922983399825,sweep_episode_logs/fv=full_lr=0.0003_rollout=1024_hidden=256x256_clip=0.2_temp=0.5_maxep=512_seed=2.csv
full,0.0003,1024,"(256, 256)",0.1,0.5,512,0,8437.059,191.9083631009215,259.33455020800466,sweep_episode_logs/fv=full_lr=0.0003_rollout=1024_hidden=256x256_clip=0.1_temp=0.5_maxep=512_seed=0.csv
full,0.0003,1024,"(256, 256)",0.1,0.5,512,1,6773.013,199.7028714590589,259.0740474589984,sweep_episode_logs/fv=full_lr=0.0003_rollout=1024_hidden=256x256_clip=0.1_temp=0.5_maxep=512_seed=1.csv
full,0.0003,1024,"(256, 256)",0.1,0.5,512,2,7554.952,194.78240440559617,258.65797137498157,sweep_episode_logs/fv=full_lr=0.0003_rollout=1024_hidden=256x256_clip=0.1_temp=0.5_maxep=512_seed=2.csv
full,0.0003,1024,"(256, 256)",0.25,0.5,512,0,6634.855,196.0578862492014,258.8465254170005,sweep_episode_logs/fv=full_lr=0.0003_rollout=1024_hidden=256x256_clip=0.25_temp=0.5_maxep=512_seed=0.csv
full,0.0003,1024,"(256, 256)",0.25,0.5,512,1,5605.1704,198.7501049575946,258.8208071250119,sweep_episode_logs/fv=full_lr=0.0003_rollout=1024_hidden=256x256_clip=0.25_temp=0.5_maxep=512_seed=1.csv
full,0.0003,1024,"(256, 256)",0.25,0.5,512,2,6262.851,201.60583338601862,258.4985710000037,sweep_episode_logs/fv=full_lr=0.0003_rollout=1024_hidden=256x256_clip=0.25_temp=0.5_maxep=512_seed=2.csv
full,0.0003,1024,"(512, 512)",0.2,0.5,512,0,6441.382,200.09724497860748,258.39336883398937,sweep_episode_logs/fv=full_lr=0.0003_rollout=1024_hidden=512x512_clip=0.2_temp=0.5_maxep=512_seed=0.csv
full,0.0003,1024,"(512, 512)",0.2,0.5,512,1,3690.9731,196.8066867484079,258.448350458988,sweep_episode_logs/fv=full_lr=0.0003_rollout=1024_hidden=512x512_clip=0.2_temp=0.5_maxep=512_seed=1.csv
full,0.0003,1024,"(512, 512)",0.2,0.5,512,2,4132.036,197.55714007197074,258.55509150004946,sweep_episode_logs/fv=full_lr=0.0003_rollout=1024_hidden=512x512_clip=0.2_temp=0.5_maxep=512_seed=2.csv
full,0.0003,1024,"(512, 512)",0.1,0.5,512,0,7649.2676,194.82414214108678,258.183891957975,sweep_episode_logs/fv=full_lr=0.0003_rollout=1024_hidden=512x512_clip=0.1_temp=0.5_maxep=512_seed=0.csv
full,0.0003,1024,"(512, 512)",0.1,0.5,512,1,6373.959,190.74206664570517,257.95522141602123,sweep_episode_logs/fv=full_lr=0.0003_rollout=1024_hidden=512x512_clip=0.1_temp=0.5_maxep=512_seed=1.csv
full,0.0003,1024,"(512, 512)",0.1,0.5,512,2,7268.918,202.78754513734359,257.6858621669817,sweep_episode_logs/fv=full_lr=0.0003_rollout=1024_hidden=512x512_clip=0.1_temp=0.5_maxep=512_seed=2.csv
full,0.0003,1024,"(512, 512)",0.25,0.5,512,0,3265.1836,199.8152270565759,257.81603824999183,sweep_episode_logs/fv=full_lr=0.0003_rollout=1024_hidden=512x512_clip=0.25_temp=0.5_maxep=512_seed=0.csv
full,0.0003,1024,"(512, 512)",0.25,0.5,512,1,4459.0093,208.34278834676888,257.78379887499614,sweep_episode_logs/fv=full_lr=0.0003_rollout=1024_hidden=512x512_clip=0.25_temp=0.5_maxep=512_seed=1.csv
full,0.0003,1024,"(512, 512)",0.25,0.5,512,2,6518.481,207.5456947289381,258.2166657089838,sweep_episode_logs/fv=full_lr=0.0003_rollout=1024_hidden=512x512_clip=0.25_temp=0.5_maxep=512_seed=2.csv
full,0.0003,2048,"(128, 128)",0.2,0.5,512,0,6282.3325,206.4033423924821,258.2175330420141,sweep_episode_logs/fv=full_lr=0.0003_rollout=2048_hidden=128x128_clip=0.2_temp=0.5_maxep=512_seed=0.csv
full,0.0003,2048,"(128, 128)",0.2,0.5,512,1,7483.38,199.2394051500085,257.38194683298934,sweep_episode_logs/fv=full_lr=0.0003_rollout=2048_hidden=128x128_clip=0.2_temp=0.5_maxep=512_seed=1.csv
full,0.0003,2048,"(128, 128)",0.2,0.5,512,2,5549.9385,197.12490987654525,257.98103066696785,sweep_episode_logs/fv=full_lr=0.0003_rollout=2048_hidden=128x128_clip=0.2_temp=0.5_maxep=512_seed=2.csv
full,0.0003,2048,"(128, 128)",0.1,0.5,512,0,4797.867,188.4183157883514,257.79890850000083,sweep_episode_logs/fv=full_lr=0.0003_rollout=2048_hidden=128x128_clip=0.1_temp=0.5_maxep=512_seed=0.csv
full,0.0003,2048,"(128, 128)",0.1,0.5,512,1,5470.584,192.2802601165377,257.851804875012,sweep_episode_logs/fv=full_lr=0.0003_rollout=2048_hidden=128x128_clip=0.1_temp=0.5_maxep=512_seed=1.csv
full,0.0003,2048,"(128, 128)",0.1,0.5,512,2,6238.1377,190.49134081014085,257.9452111250139,sweep_episode_logs/fv=full_lr=0.0003_rollout=2048_hidden=128x128_clip=0.1_temp=0.5_maxep=512_seed=2.csv
full,0.0003,2048,"(128, 128)",0.25,0.5,512,0,4381.9336,190.47684975728788,257.8055955829914,sweep_episode_logs/fv=full_lr=0.0003_rollout=2048_hidden=128x128_clip=0.25_temp=0.5_maxep=512_seed=0.csv
full,0.0003,2048,"(128, 128)",0.25,0.5,512,1,10251.7705,200.68889203002846,258.7552289160085,sweep_episode_logs/fv=full_lr=0.0003_rollout=2048_hidden=128x128_clip=0.25_temp=0.5_maxep=512_seed=1.csv
full,0.0003,2048,"(128, 128)",0.25,0.5,512,2,5239.0107,196.68728031766085,258.08781545900274,sweep_episode_logs/fv=full_lr=0.0003_rollout=2048_hidden=128x128_clip=0.25_temp=0.5_maxep=512_seed=2.csv
full,0.0003,2048,"(256, 256)",0.2,0.5,512,0,5692.786,201.76207953408132,258.14666654198663,sweep_episode_logs/fv=full_lr=0.0003_rollout=2048_hidden=256x256_clip=0.2_temp=0.5_maxep=512_seed=0.csv
full,0.0003,2048,"(256, 256)",0.2,0.5,512,1,8165.2305,199.20207112371332,258.15011550002964,sweep_episode_logs/fv=full_lr=0.0003_rollout=2048_hidden=256x256_clip=0.2_temp=0.5_maxep=512_seed=1.csv
full,0.0003,2048,"(256, 256)",0.2,0.5,512,2,7963.9863,199.9560019850834,258.10815233399626,sweep_episode_logs/fv=full_lr=0.0003_rollout=2048_hidden=256x256_clip=0.2_temp=0.5_maxep=512_seed=2.csv
full,0.0003,2048,"(256, 256)",0.1,0.5,512,0,5660.0537,193.70610826871666,258.46462370897643,sweep_episode_logs/fv=full_lr=0.0003_rollout=2048_hidden=256x256_clip=0.1_temp=0.5_maxep=512_seed=0.csv
full,0.0003,2048,"(256, 256)",0.1,0.5,512,1,7212.2827,195.72880826000977,257.47906425001565,sweep_episode_logs/fv=full_lr=0.0003_rollout=2048_hidden=256x256_clip=0.1_temp=0.5_maxep=512_seed=1.csv
full,0.0003,2048,"(256, 256)",0.1,0.5,512,2,6305.136,189.93059619147826,257.9101315829903,sweep_episode_logs/fv=full_lr=0.0003_rollout=2048_hidden=256x256_clip=0.1_temp=0.5_maxep=512_seed=2.csv
full,0.0003,2048,"(256, 256)",0.25,0.5,512,0,8101.6167,193.92423456110564,257.4388229579781,sweep_episode_logs/fv=full_lr=0.0003_rollout=2048_hidden=256x256_clip=0.25_temp=0.5_maxep=512_seed=0.csv
full,0.0003,2048,"(256, 256)",0.25,0.5,512,1,9082.754,192.45605789494795,257.24956795800244,sweep_episode_logs/fv=full_lr=0.0003_rollout=2048_hidden=256x256_clip=0.25_temp=0.5_maxep=512_seed=1.csv
full,0.0003,2048,"(256, 256)",0.25,0.5,512,2,8391.198,200.03598563653887,258.56458433397347,sweep_episode_logs/fv=full_lr=0.0003_rollout=2048_hidden=256x256_clip=0.25_temp=0.5_maxep=512_seed=2.csv
full,0.0003,2048,"(512, 512)",0.2,0.5,512,0,5845.3154,201.21248798811342,258.15790579200257,sweep_episode_logs/fv=full_lr=0.0003_rollout=2048_hidden=512x512_clip=0.2_temp=0.5_maxep=512_seed=0.csv
full,0.0003,2048,"(512, 512)",0.2,0.5,512,1,6287.299,199.55311015728162,258.38390408299165,sweep_episode_logs/fv=full_lr=0.0003_rollout=2048_hidden=512x512_clip=0.2_temp=0.5_maxep=512_seed=1.csv
full,0.0003,2048,"(512, 512)",0.2,0.5,512,2,6176.3335,197.89026432759002,258.28515924996464,sweep_episode_logs/fv=full_lr=0.0003_rollout=2048_hidden=512x512_clip=0.2_temp=0.5_maxep=512_seed=2.csv
full,0.0003,2048,"(512, 512)",0.1,0.5,512,0,5843.138,193.3736848102183,257.9004612090066,sweep_episode_logs/fv=full_lr=0.0003_rollout=2048_hidden=512x512_clip=0.1_temp=0.5_maxep=512_seed=0.csv
full,0.0003,2048,"(512, 512)",0.1,0.5,512,1,6490.5474,194.93776366411572,258.0469802080188,sweep_episode_logs/fv=full_lr=0.0003_rollout=2048_hidden=512x512_clip=0.1_temp=0.5_maxep=512_seed=1.csv
full,0.0003,2048,"(512, 512)",0.1,0.5,512,2,5704.6753,190.69753647451742,258.1778324589832,sweep_episode_logs/fv=full_lr=0.0003_rollout=2048_hidden=512x512_clip=0.1_temp=0.5_maxep=512_seed=2.csv
full,0.0003,2048,"(512, 512)",0.25,0.5,512,0,4147.3877,202.51250414708232,257.89569654199295,sweep_episode_logs/fv=full_lr=0.0003_rollout=2048_hidden=512x512_clip=0.25_temp=0.5_maxep=512_seed=0.csv
full,0.0003,2048,"(512, 512)",0.25,0.5,512,1,11057.482,199.11852318859752,258.49439470801735,sweep_episode_logs/fv=full_lr=0.0003_rollout=2048_hidden=512x512_clip=0.25_temp=0.5_maxep=512_seed=1.csv
full,0.0003,2048,"(512, 512)",0.25,0.5,512,2,5237.898,202.6230368263167,257.9185715839849,sweep_episode_logs/fv=full_lr=0.0003_rollout=2048_hidden=512x512_clip=0.25_temp=0.5_maxep=512_seed=2.csv
full,0.0001,512,"(128, 128)",0.2,0.5,512,0,14442.386,200.18831108368641,262.93801041599363,sweep_episode_logs/fv=full_lr=0.0001_rollout=512_hidden=128x128_clip=0.2_temp=0.5_maxep=512_seed=0.csv
full,0.0001,512,"(128, 128)",0.2,0.5,512,1,6121.466,194.83631729255544,262.07829466700787,sweep_episode_logs/fv=full_lr=0.0001_rollout=512_hidden=128x128_clip=0.2_temp=0.5_maxep=512_seed=1.csv
full,0.0001,512,"(128, 128)",0.2,0.5,512,2,13105.533,191.74192402187015,262.99480216699885,sweep_episode_logs/fv=full_lr=0.0001_rollout=512_hidden=128x128_clip=0.2_temp=0.5_maxep=512_seed=2.csv
full,0.0001,512,"(128, 128)",0.1,0.5,512,0,4980.666,188.35347451488778,262.35828366701026,sweep_episode_logs/fv=full_lr=0.0001_rollout=512_hidden=128x128_clip=0.1_temp=0.5_maxep=512_seed=0.csv
full,0.0001,512,"(128, 128)",0.1,0.5,512,1,5975.599,192.68546029784233,263.14744320802856,sweep_episode_logs/fv=full_lr=0.0001_rollout=512_hidden=128x128_clip=0.1_temp=0.5_maxep=512_seed=1.csv
full,0.0001,512,"(128, 128)",0.1,0.5,512,2,6099.4746,190.22648588305287,262.2790618749568,sweep_episode_logs/fv=full_lr=0.0001_rollout=512_hidden=128x128_clip=0.1_temp=0.5_maxep=512_seed=2.csv
full,0.0001,512,"(128, 128)",0.25,0.5,512,0,6272.5493,195.00202839536996,262.29110062494874,sweep_episode_logs/fv=full_lr=0.0001_rollout=512_hidden=128x128_clip=0.25_temp=0.5_maxep=512_seed=0.csv
full,0.0001,512,"(128, 128)",0.25,0.5,512,1,5759.328,190.86474897528186,262.02231425000355,sweep_episode_logs/fv=full_lr=0.0001_rollout=512_hidden=128x128_clip=0.25_temp=0.5_maxep=512_seed=1.csv
full,0.0001,512,"(128, 128)",0.25,0.5,512,2,13268.492,194.20369654353468,262.83122749999166,sweep_episode_logs/fv=full_lr=0.0001_rollout=512_hidden=128x128_clip=0.25_temp=0.5_maxep=512_seed=2.csv
full,0.0001,512,"(256, 256)",0.2,0.5,512,0,8355.958,196.769200135343,262.55831845797366,sweep_episode_logs/fv=full_lr=0.0001_rollout=512_hidden=256x256_clip=0.2_temp=0.5_maxep=512_seed=0.csv
full,0.0001,512,"(256, 256)",0.2,0.5,512,1,5688.0537,189.43129679439534,263.0763124160003,sweep_episode_logs/fv=full_lr=0.0001_rollout=512_hidden=256x256_clip=0.2_temp=0.5_maxep=512_seed=1.csv
full,0.0001,512,"(256, 256)",0.2,0.5,512,2,7054.7163,193.02044365492785,262.6814147499972,sweep_episode_logs/fv=full_lr=0.0001_rollout=512_hidden=256x256_clip=0.2_temp=0.5_maxep=512_seed=2.csv
full,0.0001,512,"(256, 256)",0.1,0.5,512,0,4808.365,194.41543879454284,263.0003881250159,sweep_episode_logs/fv=full_lr=0.0001_rollout=512_hidden=256x256_clip=0.1_temp=0.5_maxep=512_seed=0.csv
full,0.0001,512,"(256, 256)",0.1,0.5,512,1,7364.611,190.51187077740406,262.36627279099775,sweep_episode_logs/fv=full_lr=0.0001_rollout=512_hidden=256x256_clip=0.1_temp=0.5_maxep=512_seed=1.csv
full,0.0001,512,"(256, 256)",0.1,0.5,512,2,6599.9434,188.84041903672403,262.62423950002994,sweep_episode_logs/fv=full_lr=0.0001_rollout=512_hidden=256x256_clip=0.1_temp=0.5_maxep=512_seed=2.csv
full,0.0001,512,"(256, 256)",0.25,0.5,512,0,9932.727,195.57657930528754,263.04457866598386,sweep_episode_logs/fv=full_lr=0.0001_rollout=512_hidden=256x256_clip=0.25_temp=0.5_maxep=512_seed=0.csv
full,0.0001,512,"(256, 256)",0.25,0.5,512,1,3455.7253,193.5744531508778,262.9613207920338,sweep_episode_logs/fv=full_lr=0.0001_rollout=512_hidden=256x256_clip=0.25_temp=0.5_maxep=512_seed=1.csv
full,0.0001,512,"(256, 256)",0.25,0.5,512,2,13865.294,189.06527050412814,262.0413573330152,sweep_episode_logs/fv=full_lr=0.0001_rollout=512_hidden=256x256_clip=0.25_temp=0.5_maxep=512_seed=2.csv
full,0.0001,512,"(512, 512)",0.2,0.5,512,0,10682.878,196.80638833388383,262.37537570804125,sweep_episode_logs/fv=full_lr=0.0001_rollout=512_hidden=512x512_clip=0.2_temp=0.5_maxep=512_seed=0.csv
full,0.0001,512,"(512, 512)",0.2,0.5,512,1,12893.383,196.93623002307442,262.40416249999544,sweep_episode_logs/fv=full_lr=0.0001_rollout=512_hidden=512x512_clip=0.2_temp=0.5_maxep=512_seed=1.csv
full,0.0001,512,"(512, 512)",0.2,0.5,512,2,9377.77,185.5748925136465,261.8534870840376,sweep_episode_logs/fv=full_lr=0.0001_rollout=512_hidden=512x512_clip=0.2_temp=0.5_maxep=512_seed=2.csv
full,0.0001,512,"(512, 512)",0.1,0.5,512,0,7465.7246,197.7557631697082,262.653388708015,sweep_episode_logs/fv=full_lr=0.0001_rollout=512_hidden=512x512_clip=0.1_temp=0.5_maxep=512_seed=0.csv
full,0.0001,512,"(512, 512)",0.1,0.5,512,1,4106.758,190.2449569411067,261.8166900840006,sweep_episode_logs/fv=full_lr=0.0001_rollout=512_hidden=512x512_clip=0.1_temp=0.5_maxep=512_seed=1.csv
full,0.0001,512,"(512, 512)",0.1,0.5,512,2,5331.6284,191.38867373825718,257.3191305419896,sweep_episode_logs/fv=full_lr=0.0001_rollout=512_hidden=512x512_clip=0.1_temp=0.5_maxep=512_seed=2.csv
full,0.0001,512,"(512, 512)",0.25,0.5,512,0,12115.818,198.83465456291134,256.21190979203675,sweep_episode_logs/fv=full_lr=0.0001_rollout=512_hidden=512x512_clip=0.25_temp=0.5_maxep=512_seed=0.csv
full,0.0001,512,"(512, 512)",0.25,0.5,512,1,6842.8022,195.0730705143796,256.665976499964,sweep_episode_logs/fv=full_lr=0.0001_rollout=512_hidden=512x512_clip=0.25_temp=0.5_maxep=512_seed=1.csv
full,0.0001,512,"(512, 512)",0.25,0.5,512,2,11231.588,194.91356389641538,257.1782949999906,sweep_episode_logs/fv=full_lr=0.0001_rollout=512_hidden=512x512_clip=0.25_temp=0.5_maxep=512_seed=2.csv
full,0.0001,1024,"(128, 128)",0.2,0.5,512,0,3783.1433,191.67140326529713,253.726434583019,sweep_episode_logs/fv=full_lr=0.0001_rollout=1024_hidden=128x128_clip=0.2_temp=0.5_maxep=512_seed=0.csv
full,0.0001,1024,"(128, 128)",0.2,0.5,512,1,6250.5654,193.98888556598746,253.44195683300495,sweep_episode_logs/fv=full_lr=0.0001_rollout=1024_hidden=128x128_clip=0.2_temp=0.5_maxep=512_seed=1.csv
full,0.0001,1024,"(128, 128)",0.2,0.5,512,2,6299.4224,198.3810038025561,253.351395124977,sweep_episode_logs/fv=full_lr=0.0001_rollout=1024_hidden=128x128_clip=0.2_temp=0.5_maxep=512_seed=2.csv
full,0.0001,1024,"(128, 128)",0.1,0.5,512,0,5963.073,191.17015820759542,253.60382270801347,sweep_episode_logs/fv=full_lr=0.0001_rollout=1024_hidden=128x128_clip=0.1_temp=0.5_maxep=512_seed=0.csv
full,0.0001,1024,"(128, 128)",0.1,0.5,512,1,5052.482,194.74806658987993,252.71043487498537,sweep_episode_logs/fv=full_lr=0.0001_rollout=1024_hidden=128x128_clip=0.1_temp=0.5_maxep=512_seed=1.csv
full,0.0001,1024,"(128, 128)",0.1,0.5,512,2,4389.607,187.7303902773303,253.1860319999978,sweep_episode_logs/fv=full_lr=0.0001_rollout=1024_hidden=128x128_clip=0.1_temp=0.5_maxep=512_seed=2.csv
full,0.0001,1024,"(128, 128)",0.25,0.5,512,0,10479.49,197.62873141552208,253.19910029199673,sweep_episode_logs/fv=full_lr=0.0001_rollout=1024_hidden=128x128_clip=0.25_temp=0.5_maxep=512_seed=0.csv
full,0.0001,1024,"(128, 128)",0.25,0.5,512,1,8764.626,198.06515748659382,253.12823675002437,sweep_episode_logs/fv=full_lr=0.0001_rollout=1024_hidden=128x128_clip=0.25_temp=0.5_maxep=512_seed=1.csv
full,0.0001,1024,"(128, 128)",0.25,0.5,512,2,4800.8955,201.28565171906513,253.5145405419753,sweep_episode_logs/fv=full_lr=0.0001_rollout=1024_hidden=128x128_clip=0.25_temp=0.5_maxep=512_seed=2.csv
full,0.0001,1024,"(256, 256)",0.2,0.5,512,0,7504.75,199.1882748158401,252.55066379200434,sweep_episode_logs/fv=full_lr=0.0001_rollout=1024_hidden=256x256_clip=0.2_temp=0.5_maxep=512_seed=0.csv
full,0.0001,1024,"(256, 256)",0.2,0.5,512,1,8254.74,193.24453687148224,253.0362729159533,sweep_episode_logs/fv=full_lr=0.0001_rollout=1024_hidden=256x256_clip=0.2_temp=0.5_maxep=512_seed=1.csv
full,0.0001,1024,"(256, 256)",0.2,0.5,512,2,6575.459,196.4501321137418,252.7349624580238,sweep_episode_logs/fv=full_lr=0.0001_rollout=1024_hidden=256x256_clip=0.2_temp=0.5_maxep=512_seed=2.csv
full,0.0001,1024,"(256, 256)",0.1,0.5,512,0,5440.2466,193.20012915990768,258.4378400419955,sweep_episode_logs/fv=full_lr=0.0001_rollout=1024_hidden=256x256_clip=0.1_temp=0.5_maxep=512_seed=0.csv
full,0.0001,1024,"(256, 256)",0.1,0.5,512,1,6725.5923,191.39077900154152,258.099037625012,sweep_episode_logs/fv=full_lr=0.0001_rollout=1024_hidden=256x256_clip=0.1_temp=0.5_maxep=512_seed=1.csv
full,0.0001,1024,"(256, 256)",0.1,0.5,512,2,5452.7515,196.6224075874489,258.8046540420037,sweep_episode_logs/fv=full_lr=0.0001_rollout=1024_hidden=256x256_clip=0.1_temp=0.5_maxep=512_seed=2.csv
full,0.0001,1024,"(256, 256)",0.25,0.5,512,0,4315.3545,192.95844459360833,257.93458400003146,sweep_episode_logs/fv=full_lr=0.0001_rollout=1024_hidden=256x256_clip=0.25_temp=0.5_maxep=512_seed=0.csv
full,0.0001,1024,"(256, 256)",0.25,0.5,512,1,6572.166,199.85112930202538,258.45496649999404,sweep_episode_logs/fv=full_lr=0.0001_rollout=1024_hidden=256x256_clip=0.25_temp=0.5_maxep=512_seed=1.csv
full,0.0001,1024,"(256, 256)",0.25,0.5,512,2,3237.3574,201.33538339391765,259.0289768340299,sweep_episode_logs/fv=full_lr=0.0001_rollout=1024_hidden=256x256_clip=0.25_temp=0.5_maxep=512_seed=2.csv
full,0.0001,1024,"(512, 512)",0.2,0.5,512,0,5954.4272,199.68903625679383,259.2576122090104,sweep_episode_logs/fv=full_lr=0.0001_rollout=1024_hidden=512x512_clip=0.2_temp=0.5_maxep=512_seed=0.csv
full,0.0001,1024,"(512, 512)",0.2,0.5,512,1,5207.4927,194.94795848812447,258.99577070900705,sweep_episode_logs/fv=full_lr=0.0001_rollout=1024_hidden=512x512_clip=0.2_temp=0.5_maxep=512_seed=1.csv
full,0.0001,1024,"(512, 512)",0.2,0.5,512,2,6519.224,197.43740817645156,258.5578938340186,sweep_episode_logs/fv=full_lr=0.0001_rollout=1024_hidden=512x512_clip=0.2_temp=0.5_maxep=512_seed=2.csv
full,0.0001,1024,"(512, 512)",0.1,0.5,512,0,6228.34,190.40480645226756,258.0550086249714,sweep_episode_logs/fv=full_lr=0.0001_rollout=1024_hidden=512x512_clip=0.1_temp=0.5_maxep=512_seed=0.csv
full,0.0001,1024,"(512, 512)",0.1,0.5,512,1,5532.0674,196.62104318997132,258.8565113749937,sweep_episode_logs/fv=full_lr=0.0001_rollout=1024_hidden=512x512_clip=0.1_temp=0.5_maxep=512_seed=1.csv
full,0.0001,1024,"(512, 512)",0.1,0.5,512,2,5850.39,193.31960099074072,259.20319316600217,sweep_episode_logs/fv=full_lr=0.0001_rollout=1024_hidden=512x512_clip=0.1_temp=0.5_maxep=512_seed=2.csv
full,0.0001,1024,"(512, 512)",0.25,0.5,512,0,4898.7544,191.64469289817833,258.49006574996747,sweep_episode_logs/fv=full_lr=0.0001_rollout=1024_hidden=512x512_clip=0.25_temp=0.5_maxep=512_seed=0.csv
full,0.0001,1024,"(512, 512)",0.25,0.5,512,1,13979.189,199.32265387335949,259.05813000001945,sweep_episode_logs/fv=full_lr=0.0001_rollout=1024_hidden=512x512_clip=0.25_temp=0.5_maxep=512_seed=1.csv
full,0.0001,1024,"(512, 512)",0.25,0.5,512,2,6405.854,199.6760056777394,258.28151129197795,sweep_episode_logs/fv=full_lr=0.0001_rollout=1024_hidden=512x512_clip=0.25_temp=0.5_maxep=512_seed=2.csv
full,0.0001,2048,"(128, 128)",0.2,0.5,512,0,5046.7354,194.68687577782623,258.46506037499057,sweep_episode_logs/fv=full_lr=0.0001_rollout=2048_hidden=128x128_clip=0.2_temp=0.5_maxep=512_seed=0.csv
full,0.0001,2048,"(128, 128)",0.2,0.5,512,1,6810.0083,196.34954651157005,258.0370227500098,sweep_episode_logs/fv=full_lr=0.0001_rollout=2048_hidden=128x128_clip=0.2_temp=0.5_maxep=512_seed=1.csv
full,0.0001,2048,"(128, 128)",0.2,0.5,512,2,8229.352,194.0126137736483,258.46778179198736,sweep_episode_logs/fv=full_lr=0.0001_rollout=2048_hidden=128x128_clip=0.2_temp=0.5_maxep=512_seed=2.csv
full,0.0001,2048,"(128, 128)",0.1,0.5,512,0,5046.7983,189.25264592292385,258.1904712499818,sweep_episode_logs/fv=full_lr=0.0001_rollout=2048_hidden=128x128_clip=0.1_temp=0.5_maxep=512_seed=0.csv
full,0.0001,2048,"(128, 128)",0.1,0.5,512,1,5868.867,188.26763492269959,257.76230920798844,sweep_episode_logs/fv=full_lr=0.0001_rollout=2048_hidden=128x128_clip=0.1_temp=0.5_maxep=512_seed=1.csv
full,0.0001,2048,"(128, 128)",0.1,0.5,512,2,6347.8696,195.55926905663355,257.88939058297547,sweep_episode_logs/fv=full_lr=0.0001_rollout=2048_hidden=128x128_clip=0.1_temp=0.5_maxep=512_seed=2.csv
full,0.0001,2048,"(128, 128)",0.25,0.5,512,0,5588.779,207.08882289924568,257.57050945900846,sweep_episode_logs/fv=full_lr=0.0001_rollout=2048_hidden=128x128_clip=0.25_temp=0.5_maxep=512_seed=0.csv
full,0.0001,2048,"(128, 128)",0.25,0.5,512,1,6223.2397,203.22289891140088,257.8224560000235,sweep_episode_logs/fv=full_lr=0.0001_rollout=2048_hidden=128x128_clip=0.25_temp=0.5_maxep=512_seed=1.csv
full,0.0001,2048,"(128, 128)",0.25,0.5,512,2,6823.197,199.36198741366155,258.0352994579589,sweep_episode_logs/fv=full_lr=0.0001_rollout=2048_hidden=128x128_clip=0.25_temp=0.5_maxep=512_seed=2.csv
full,0.0001,2048,"(256, 256)",0.2,0.5,512,0,5638.0586,194.00288061111652,259.3280901660328,sweep_episode_logs/fv=full_lr=0.0001_rollout=2048_hidden=256x256_clip=0.2_temp=0.5_maxep=512_seed=0.csv
full,0.0001,2048,"(256, 256)",0.2,0.5,512,1,6008.5977,193.70637251418265,258.1272767080227,sweep_episode_logs/fv=full_lr=0.0001_rollout=2048_hidden=256x256_clip=0.2_temp=0.5_maxep=512_seed=1.csv
full,0.0001,2048,"(256, 256)",0.2,0.5,512,2,5901.202,194.52725268875628,257.87659724999685,sweep_episode_logs/fv=full_lr=0.0001_rollout=2048_hidden=256x256_clip=0.2_temp=0.5_maxep=512_seed=2.csv
full,0.0001,2048,"(256, 256)",0.1,0.5,512,0,6206.802,187.76682387017095,258.0717261249665,sweep_episode_logs/fv=full_lr=0.0001_rollout=2048_hidden=256x256_clip=0.1_temp=0.5_maxep=512_seed=0.csv
full,0.0001,2048,"(256, 256)",0.1,0.5,512,1,6439.3457,192.88285253914748,257.99548808304826,sweep_episode_logs/fv=full_lr=0.0001_rollout=2048_hidden=256x256_clip=0.1_temp=0.5_maxep=512_seed=1.csv
full,0.0001,2048,"(256, 256)",0.1,0.5,512,2,6545.6924,185.8272036950513,258.23686554201413,sweep_episode_logs/fv=full_lr=0.0001_rollout=2048_hidden=256x256_clip=0.1_temp=0.5_maxep=512_seed=2.csv
full,0.0001,2048,"(256, 256)",0.25,0.5,512,0,9413.93,188.01895567770583,258.5799946670304,sweep_episode_logs/fv=full_lr=0.0001_rollout=2048_hidden=256x256_clip=0.25_temp=0.5_maxep=512_seed=0.csv
full,0.0001,2048,"(256, 256)",0.25,0.5,512,1,6063.4214,197.50766976617984,258.05445812502876,sweep_episode_logs/fv=full_lr=0.0001_rollout=2048_hidden=256x256_clip=0.25_temp=0.5_maxep=512_seed=1.csv
full,0.0001,2048,"(256, 256)",0.25,0.5,512,2,6897.9995,195.7328706554004,225.06208795803832,sweep_episode_logs/fv=full_lr=0.0001_rollout=2048_hidden=256x256_clip=0.25_temp=0.5_maxep=512_seed=2.csv
full,0.0001,2048,"(512, 512)",0.2,0.5,512,0,4868.738,194.53560858339762,214.68953766697086,sweep_episode_logs/fv=full_lr=0.0001_rollout=2048_hidden=512x512_clip=0.2_temp=0.5_maxep=512_seed=0.csv
full,0.0001,2048,"(512, 512)",0.2,0.5,512,1,5814.607,192.71791942310836,213.90073933301028,sweep_episode_logs/fv=full_lr=0.0001_rollout=2048_hidden=512x512_clip=0.2_temp=0.5_maxep=512_seed=1.csv
full,0.0001,2048,"(512, 512)",0.2,0.5,512,2,5049.4326,199.2071586382778,214.96730120800203,sweep_episode_logs/fv=full_lr=0.0001_rollout=2048_hidden=512x512_clip=0.2_temp=0.5_maxep=512_seed=2.csv
full,0.0001,2048,"(512, 512)",0.1,0.5,512,0,5787.5903,186.6696717914785,214.40805620799074,sweep_episode_logs/fv=full_lr=0.0001_rollout=2048_hidden=512x512_clip=0.1_temp=0.5_maxep=512_seed=0.csv
full,0.0001,2048,"(512, 512)",0.1,0.5,512,1,6024.647,186.35645976073636,215.2143912500469,sweep_episode_logs/fv=full_lr=0.0001_rollout=2048_hidden=512x512_clip=0.1_temp=0.5_maxep=512_seed=1.csv
full,0.0001,2048,"(512, 512)",0.1,0.5,512,2,6100.228,187.945481916353,215.56612158403732,sweep_episode_logs/fv=full_lr=0.0001_rollout=2048_hidden=512x512_clip=0.1_temp=0.5_maxep=512_seed=2.csv
full,0.0001,2048,"(512, 512)",0.25,0.5,512,0,5150.168,200.59445047411532,215.69423449999886,sweep_episode_logs/fv=full_lr=0.0001_rollout=2048_hidden=512x512_clip=0.25_temp=0.5_maxep=512_seed=0.csv
full,0.0001,2048,"(512, 512)",0.25,0.5,512,1,8186.32,200.0029815176313,215.33241004199954,sweep_episode_logs/fv=full_lr=0.0001_rollout=2048_hidden=512x512_clip=0.25_temp=0.5_maxep=512_seed=1.csv
full,0.0001,2048,"(512, 512)",0.25,0.5,512,2,8705.064,197.73660896597085,215.6690115419915,sweep_episode_logs/fv=full_lr=0.0001_rollout=2048_hidden=512x512_clip=0.25_temp=0.5_maxep=512_seed=2.csv
full,0.0005,512,"(128, 128)",0.2,0.5,512,0,5220.73,203.46104519686997,219.74183208297472,sweep_episode_logs/fv=full_lr=0.0005_rollout=512_hidden=128x128_clip=0.2_temp=0.5_maxep=512_seed=0.csv
full,0.0005,512,"(128, 128)",0.2,0.5,512,1,5766.473,201.37236474567663,219.53204049996566,sweep_episode_logs/fv=full_lr=0.0005_rollout=512_hidden=128x128_clip=0.2_temp=0.5_maxep=512_seed=1.csv
full,0.0005,512,"(128, 128)",0.2,0.5,512,2,5635.373,188.27071623753335,218.9119086249848,sweep_episode_logs/fv=full_lr=0.0005_rollout=512_hidden=128x128_clip=0.2_temp=0.5_maxep=512_seed=2.csv
full,0.0005,512,"(128, 128)",0.1,0.5,512,0,5251.1177,203.2524713186465,219.39174337498844,sweep_episode_logs/fv=full_lr=0.0005_rollout=512_hidden=128x128_clip=0.1_temp=0.5_maxep=512_seed=0.csv
full,0.0005,512,"(128, 128)",0.1,0.5,512,1,4168.564,200.57925257168284,219.55470191600034,sweep_episode_logs/fv=full_lr=0.0005_rollout=512_hidden=128x128_clip=0.1_temp=0.5_maxep=512_seed=1.csv
full,0.0005,512,"(128, 128)",0.1,0.5,512,2,8907.057,196.01784671001369,219.56525516702095,sweep_episode_logs/fv=full_lr=0.0005_rollout=512_hidden=128x128_clip=0.1_temp=0.5_maxep=512_seed=2.csv
full,0.0005,512,"(128, 128)",0.25,0.5,512,0,8861.059,201.18051781693555,219.69875904195942,sweep_episode_logs/fv=full_lr=0.0005_rollout=512_hidden=128x128_clip=0.25_temp=0.5_maxep=512_seed=0.csv
full,0.0005,512,"(128, 128)",0.25,0.5,512,1,13418.071,195.11751194277844,219.81763949996093,sweep_episode_logs/fv=full_lr=0.0005_rollout=512_hidden=128x128_clip=0.25_temp=0.5_maxep=512_seed=1.csv
full,0.0005,512,"(128, 128)",0.25,0.5,512,2,6248.4053,196.71460091549596,218.68458404100966,sweep_episode_logs/fv=full_lr=0.0005_rollout=512_hidden=128x128_clip=0.25_temp=0.5_maxep=512_seed=2.csv
full,0.0005,512,"(256, 256)",0.2,0.5,512,0,32343.197,207.09668989962583,218.85294358397368,sweep_episode_logs/fv=full_lr=0.0005_rollout=512_hidden=256x256_clip=0.2_temp=0.5_maxep=512_seed=0.csv
full,0.0005,512,"(256, 256)",0.2,0.5,512,1,11990.966,206.2607153866601,219.27268774999538,sweep_episode_logs/fv=full_lr=0.0005_rollout=512_hidden=256x256_clip=0.2_temp=0.5_maxep=512_seed=1.csv
full,0.0005,512,"(256, 256)",0.2,0.5,512,2,5615.0425,195.4228461162072,218.7523630829528,sweep_episode_logs/fv=full_lr=0.0005_rollout=512_hidden=256x256_clip=0.2_temp=0.5_maxep=512_seed=2.csv
full,0.0005,512,"(256, 256)",0.1,0.5,512,0,6275.046,191.79909724926452,218.8955682500382,sweep_episode_logs/fv=full_lr=0.0005_rollout=512_hidden=256x256_clip=0.1_temp=0.5_maxep=512_seed=0.csv
full,0.0005,512,"(256, 256)",0.1,0.5,512,1,3137.1216,187.4413578153231,218.9016436249949,sweep_episode_logs/fv=full_lr=0.0005_rollout=512_hidden=256x256_clip=0.1_temp=0.5_maxep=512_seed=1.csv
full,0.0005,512,"(256, 256)",0.1,0.5,512,2,5029.586,197.9577548244821,219.72698508296162,sweep_episode_logs/fv=full_lr=0.0005_rollout=512_hidden=256x256_clip=0.1_temp=0.5_maxep=512_seed=2.csv
full,0.0005,512,"(256, 256)",0.25,0.5,512,0,3213.4055,200.75319845531652,219.2224995829747,sweep_episode_logs/fv=full_lr=0.0005_rollout=512_hidden=256x256_clip=0.25_temp=0.5_maxep=512_seed=0.csv
full,0.0005,512,"(256, 256)",0.25,0.5,512,1,6236.906,199.71022303034547,219.77335345797474,sweep_episode_logs/fv=full_lr=0.0005_rollout=512_hidden=256x256_clip=0.25_temp=0.5_maxep=512_seed=1.csv
full,0.0005,512,"(256, 256)",0.25,0.5,512,2,5973.311,206.6493515209275,219.09273124998435,sweep_episode_logs/fv=full_lr=0.0005_rollout=512_hidden=256x256_clip=0.25_temp=0.5_maxep=512_seed=2.csv
full,0.0005,512,"(512, 512)",0.2,0.5,512,0,8953.197,202.41036561073724,219.85000054095872,sweep_episode_logs/fv=full_lr=0.0005_rollout=512_hidden=512x512_clip=0.2_temp=0.5_maxep=512_seed=0.csv
full,0.0005,512,"(512, 512)",0.2,0.5,512,1,4763.7153,204.54967158991312,219.7428600830026,sweep_episode_logs/fv=full_lr=0.0005_rollout=512_hidden=512x512_clip=0.2_temp=0.5_maxep=512_seed=1.csv
full,0.0005,512,"(512, 512)",0.2,0.5,512,2,5188.906,192.15669775083154,220.11603695899248,sweep_episode_logs/fv=full_lr=0.0005_rollout=512_hidden=512x512_clip=0.2_temp=0.5_maxep=512_seed=2.csv
full,0.0005,512,"(512, 512)",0.1,0.5,512,0,11263.473,189.83969915374504,219.23243899998488,sweep_episode_logs/fv=full_lr=0.0005_rollout=512_hidden=512x512_clip=0.1_temp=0.5_maxep=512_seed=0.csv
full,0.0005,512,"(512, 512)",0.1,0.5,512,1,8205.047,188.3622485110873,219.36972387501737,sweep_episode_logs/fv=full_lr=0.0005_rollout=512_hidden=512x512_clip=0.1_temp=0.5_maxep=512_seed=1.csv
full,0.0005,512,"(512, 512)",0.1,0.5,512,2,7431.9443,199.053085662549,219.19908975000726,sweep_episode_logs/fv=full_lr=0.0005_rollout=512_hidden=512x512_clip=0.1_temp=0.5_maxep=512_seed=2.csv
full,0.0005,512,"(512, 512)",0.25,0.5,512,0,6597.2637,197.57740836523823,219.4191448329948,sweep_episode_logs/fv=full_lr=0.0005_rollout=512_hidden=512x512_clip=0.25_temp=0.5_maxep=512_seed=0.csv
full,0.0005,512,"(512, 512)",0.25,0.5,512,1,6166.3022,209.26675500994824,219.10606933297822,sweep_episode_logs/fv=full_lr=0.0005_rollout=512_hidden=512x512_clip=0.25_temp=0.5_maxep=512_seed=1.csv
full,0.0005,512,"(512, 512)",0.25,0.5,512,2,18197.938,198.16647832636943,219.23124695796287,sweep_episode_logs/fv=full_lr=0.0005_rollout=512_hidden=512x512_clip=0.25_temp=0.5_maxep=512_seed=2.csv
full,0.0005,1024,"(128, 128)",0.2,0.5,512,0,9446.308,199.52218110116368,215.67954833299154,sweep_episode_logs/fv=full_lr=0.0005_rollout=1024_hidden=128x128_clip=0.2_temp=0.5_maxep=512_seed=0.csv
full,0.0005,1024,"(128, 128)",0.2,0.5,512,1,2907.5972,197.5611607719347,216.51655887498055,sweep_episode_logs/fv=full_lr=0.0005_rollout=1024_hidden=128x128_clip=0.2_temp=0.5_maxep=512_seed=1.csv
full,0.0005,1024,"(128, 128)",0.2,0.5,512,2,5142.1074,208.35944235834958,215.28683454199927,sweep_episode_logs/fv=full_lr=0.0005_rollout=1024_hidden=128x128_clip=0.2_temp=0.5_maxep=512_seed=2.csv
full,0.0005,1024,"(128, 128)",0.1,0.5,512,0,5920.6045,196.58308346523145,216.58351758297067,sweep_episode_logs/fv=full_lr=0.0005_rollout=1024_hidden=128x128_clip=0.1_temp=0.5_maxep=512_seed=0.csv
full,0.0005,1024,"(128, 128)",0.1,0.5,512,1,5342.7944,202.42462201977568,215.6719264999847,sweep_episode_logs/fv=full_lr=0.0005_rollout=1024_hidden=128x128_clip=0.1_temp=0.5_maxep=512_seed=1.csv
full,0.0005,1024,"(128, 128)",0.1,0.5,512,2,3388.4565,198.38667605807626,216.56667745800223,sweep_episode_logs/fv=full_lr=0.0005_rollout=1024_hidden=128x128_clip=0.1_temp=0.5_maxep=512_seed=2.csv
full,0.0005,1024,"(128, 128)",0.25,0.5,512,0,26027.215,204.76086523485887,215.87299712497042,sweep_episode_logs/fv=full_lr=0.0005_rollout=1024_hidden=128x128_clip=0.25_temp=0.5_maxep=512_seed=0.csv
full,0.0005,1024,"(128, 128)",0.25,0.5,512,1,5307.9263,192.2691433066238,215.875717582996,sweep_episode_logs/fv=full_lr=0.0005_rollout=1024_hidden=128x128_clip=0.25_temp=0.5_maxep=512_seed=1.csv
full,0.0005,1024,"(128, 128)",0.25,0.5,512,2,6707.415,208.74396976558674,216.01525129197398,sweep_episode_logs/fv=full_lr=0.0005_rollout=1024_hidden=128x128_clip=0.25_temp=0.5_maxep=512_seed=2.csv
full,0.0005,1024,"(256, 256)",0.2,0.5,512,0,12034.7705,201.43439529730108,216.5620080830413,sweep_episode_logs/fv=full_lr=0.0005_rollout=1024_hidden=256x256_clip=0.2_temp=0.5_maxep=512_seed=0.csv
full,0.0005,1024,"(256, 256)",0.2,0.5,512,1,6869.918,199.51948887131417,216.33922554197488,sweep_episode_logs/fv=full_lr=0.0005_rollout=1024_hidden=256x256_clip=0.2_temp=0.5_maxep=512_seed=1.csv
full,0.0005,1024,"(256, 256)",0.2,0.5,512,2,6735.7505,197.5792654131895,216.61576045898255,sweep_episode_logs/fv=full_lr=0.0005_rollout=1024_hidden=256x256_clip=0.2_temp=0.5_maxep=512_seed=2.csv
full,0.0005,1024,"(256, 256)",0.1,0.5,512,0,5729.91,198.02250772102144,224.00166683399584,sweep_episode_logs/fv=full_lr=0.0005_rollout=1024_hidden=256x256_clip=0.1_temp=0.5_maxep=512_seed=0.csv
full,0.0005,1024,"(256, 256)",0.1,0.5,512,1,6899.2847,192.23925419588676,252.87797737499932,sweep_episode_logs/fv=full_lr=0.0005_rollout=1024_hidden=256x256_clip=0.1_temp=0.5_maxep=512_seed=1.csv
full,0.0005,1024,"(256, 256)",0.1,0.5,512,2,2803.71,194.68646914050592,257.33248195797205,sweep_episode_logs/fv=full_lr=0.0005_rollout=1024_hidden=256x256_clip=0.1_temp=0.5_maxep=512_seed=2.csv
full,0.0005,1024,"(256, 256)",0.25,0.5,512,0,10404.578,207.3975186880694,258.5337692500325,sweep_episode_logs/fv=full_lr=0.0005_rollout=1024_hidden=256x256_clip=0.25_temp=0.5_maxep=512_seed=0.csv
full,0.0005,1024,"(256, 256)",0.25,0.5,512,1,11049.36,211.08076294829561,260.1148282500217,sweep_episode_logs/fv=full_lr=0.0005_rollout=1024_hidden=256x256_clip=0.25_temp=0.5_maxep=512_seed=1.csv
full,0.0005,1024,"(256, 256)",0.25,0.5,512,2,4729.085,203.52597556027425,258.945403041027,sweep_episode_logs/fv=full_lr=0.0005_rollout=1024_hidden=256x256_clip=0.25_temp=0.5_maxep=512_seed=2.csv
full,0.0005,1024,"(512, 512)",0.2,0.5,512,0,10053.851,199.51090881047858,257.9535816250136,sweep_episode_logs/fv=full_lr=0.0005_rollout=1024_hidden=512x512_clip=0.2_temp=0.5_maxep=512_seed=0.csv
full,0.0005,1024,"(512, 512)",0.2,0.5,512,1,5372.6865,200.7264731944931,259.04776337498333,sweep_episode_logs/fv=full_lr=0.0005_rollout=1024_hidden=512x512_clip=0.2_temp=0.5_maxep=512_seed=1.csv
full,0.0005,1024,"(512, 512)",0.2,0.5,512,2,2220.5232,202.280735706448,258.3476479999954,sweep_episode_logs/fv=full_lr=0.0005_rollout=1024_hidden=512x512_clip=0.2_temp=0.5_maxep=512_seed=2.csv
full,0.0005,1024,"(512, 512)",0.1,0.5,512,0,7088.3584,199.30597202705107,259.2548380829976,sweep_episode_logs/fv=full_lr=0.0005_rollout=1024_hidden=512x512_clip=0.1_temp=0.5_maxep=512_seed=0.csv
full,0.0005,1024,"(512, 512)",0.1,0.5,512,1,7778.8022,200.21009200901946,258.20131295803003,sweep_episode_logs/fv=full_lr=0.0005_rollout=1024_hidden=512x512_clip=0.1_temp=0.5_maxep=512_seed=1.csv
full,0.0005,1024,"(512, 512)",0.1,0.5,512,2,6435.298,198.6850107913814,255.50380387500627,sweep_episode_logs/fv=full_lr=0.0005_rollout=1024_hidden=512x512_clip=0.1_temp=0.5_maxep=512_seed=2.csv
full,0.0005,1024,"(512, 512)",0.25,0.5,512,0,51404.434,206.15913126614606,258.917942125001,sweep_episode_logs/fv=full_lr=0.0005_rollout=1024_hidden=512x512_clip=0.25_temp=0.5_maxep=512_seed=0.csv
full,0.0005,1024,"(512, 512)",0.25,0.5,512,1,3617.9219,198.7491332006333,258.6715051670326,sweep_episode_logs/fv=full_lr=0.0005_rollout=1024_hidden=512x512_clip=0.25_temp=0.5_maxep=512_seed=1.csv
full,0.0005,1024,"(512, 512)",0.25,0.5,512,2,11314.632,208.10126450823813,258.60474308399716,sweep_episode_logs/fv=full_lr=0.0005_rollout=1024_hidden=512x512_clip=0.25_temp=0.5_maxep=512_seed=2.csv
full,0.0005,2048,"(128, 128)",0.2,0.5,512,0,7005.578,204.77903298803844,258.4185351250344,sweep_episode_logs/fv=full_lr=0.0005_rollout=2048_hidden=128x128_clip=0.2_temp=0.5_maxep=512_seed=0.csv
full,0.0005,2048,"(128, 128)",0.2,0.5,512,1,7406.0415,200.66602003928205,259.80535683303606,sweep_episode_logs/fv=full_lr=0.0005_rollout=2048_hidden=128x128_clip=0.2_temp=0.5_maxep=512_seed=1.csv
full,0.0005,2048,"(128, 128)",0.2,0.5,512,2,5824.885,193.01158551566476,259.25388866703724,sweep_episode_logs/fv=full_lr=0.0005_rollout=2048_hidden=128x128_clip=0.2_temp=0.5_maxep=512_seed=2.csv
full,0.0005,2048,"(128, 128)",0.1,0.5,512,0,6522.002,186.81698387979736,258.64370208297623,sweep_episode_logs/fv=full_lr=0.0005_rollout=2048_hidden=128x128_clip=0.1_temp=0.5_maxep=512_seed=0.csv
full,0.0005,2048,"(128, 128)",0.1,0.5,512,1,6645.679,191.89450929671187,258.4686970000039,sweep_episode_logs/fv=full_lr=0.0005_rollout=2048_hidden=128x128_clip=0.1_temp=0.5_maxep=512_seed=1.csv
full,0.0005,2048,"(128, 128)",0.1,0.5,512,2,4693.4062,186.18546644916935,257.84894224995514,sweep_episode_logs/fv=full_lr=0.0005_rollout=2048_hidden=128x128_clip=0.1_temp=0.5_maxep=512_seed=2.csv
full,0.0005,2048,"(128, 128)",0.25,0.5,512,0,3775.15,199.91134787797745,258.1897878329619,sweep_episode_logs/fv=full_lr=0.0005_rollout=2048_hidden=128x128_clip=0.25_temp=0.5_maxep=512_seed=0.csv
full,0.0005,2048,"(128, 128)",0.25,0.5,512,1,9268.625,205.88882871276718,258.9341209590202,sweep_episode_logs/fv=full_lr=0.0005_rollout=2048_hidden=128x128_clip=0.25_temp=0.5_maxep=512_seed=1.csv
full,0.0005,2048,"(128, 128)",0.25,0.5,512,2,9122.651,187.82788454392318,258.266515041003,sweep_episode_logs/fv=full_lr=0.0005_rollout=2048_hidden=128x128_clip=0.25_temp=0.5_maxep=512_seed=2.csv
full,0.0005,2048,"(256, 256)",0.2,0.5,512,0,4727.5986,194.6687010454636,258.2966289999895,sweep_episode_logs/fv=full_lr=0.0005_rollout=2048_hidden=256x256_clip=0.2_temp=0.5_maxep=512_seed=0.csv
full,0.0005,2048,"(256, 256)",0.2,0.5,512,1,9618.867,199.88324008525424,258.7085183330346,sweep_episode_logs/fv=full_lr=0.0005_rollout=2048_hidden=256x256_clip=0.2_temp=0.5_maxep=512_seed=1.csv
full,0.0005,2048,"(256, 256)",0.2,0.5,512,2,5678.1343,199.42098354102848,258.7872639580164,sweep_episode_logs/fv=full_lr=0.0005_rollout=2048_hidden=256x256_clip=0.2_temp=0.5_maxep=512_seed=2.csv
full,0.0005,2048,"(256, 256)",0.1,0.5,512,0,5750.431,197.59873149701417,258.64506441698177,sweep_episode_logs/fv=full_lr=0.0005_rollout=2048_hidden=256x256_clip=0.1_temp=0.5_maxep=512_seed=0.csv
full,0.0005,2048,"(256, 256)",0.1,0.5,512,1,6820.1963,188.2387473939838,258.59704833407886,sweep_episode_logs/fv=full_lr=0.0005_rollout=2048_hidden=256x256_clip=0.1_temp=0.5_maxep=512_seed=1.csv
full,0.0005,2048,"(256, 256)",0.1,0.5,512,2,5149.5654,184.18284971461725,257.8820247499971,sweep_episode_logs/fv=full_lr=0.0005_rollout=2048_hidden=256x256_clip=0.1_temp=0.5_maxep=512_seed=2.csv
full,0.0005,2048,"(256, 256)",0.25,0.5,512,0,15112.992,201.32636944435623,255.9438024580013,sweep_episode_logs/fv=full_lr=0.0005_rollout=2048_hidden=256x256_clip=0.25_temp=0.5_maxep=512_seed=0.csv
full,0.0005,2048,"(256, 256)",0.25,0.5,512,1,4308.533,204.76244109912366,256.1625183339929,sweep_episode_logs/fv=full_lr=0.0005_rollout=2048_hidden=256x256_clip=0.25_temp=0.5_maxep=512_seed=1.csv
full,0.0005,2048,"(256, 256)",0.25,0.5,512,2,6684.2314,202.03660393569083,258.5155945000006,sweep_episode_logs/fv=full_lr=0.0005_rollout=2048_hidden=256x256_clip=0.25_temp=0.5_maxep=512_seed=2.csv
full,0.0005,2048,"(512, 512)",0.2,0.5,512,0,5819.987,196.7797319013702,257.86578291701153,sweep_episode_logs/fv=full_lr=0.0005_rollout=2048_hidden=512x512_clip=0.2_temp=0.5_maxep=512_seed=0.csv
full,0.0005,2048,"(512, 512)",0.2,0.5,512,1,6118.609,198.15287075963172,258.1870567500591,sweep_episode_logs/fv=full_lr=0.0005_rollout=2048_hidden=512x512_clip=0.2_temp=0.5_maxep=512_seed=1.csv
full,0.0005,2048,"(512, 512)",0.2,0.5,512,2,4625.897,200.94950868467683,257.94707012502477,sweep_episode_logs/fv=full_lr=0.0005_rollout=2048_hidden=512x512_clip=0.2_temp=0.5_maxep=512_seed=2.csv
full,0.0005,2048,"(512, 512)",0.1,0.5,512,0,5992.276,192.21820351140977,257.9212882920401,sweep_episode_logs/fv=full_lr=0.0005_rollout=2048_hidden=512x512_clip=0.1_temp=0.5_maxep=512_seed=0.csv
full,0.0005,2048,"(512, 512)",0.1,0.5,512,1,7025.5776,195.71501709846626,258.39226620900445,sweep_episode_logs/fv=full_lr=0.0005_rollout=2048_hidden=512x512_clip=0.1_temp=0.5_maxep=512_seed=1.csv
full,0.0005,2048,"(512, 512)",0.1,0.5,512,2,5476.686,186.76256611487094,258.8014966669725,sweep_episode_logs/fv=full_lr=0.0005_rollout=2048_hidden=512x512_clip=0.1_temp=0.5_maxep=512_seed=2.csv
full,0.0005,2048,"(512, 512)",0.25,0.5,512,0,11444.001,205.34207982992112,258.7844155000057,sweep_episode_logs/fv=full_lr=0.0005_rollout=2048_hidden=512x512_clip=0.25_temp=0.5_maxep=512_seed=0.csv
full,0.0005,2048,"(512, 512)",0.25,0.5,512,1,31998.977,203.13617517305016,258.2491277080262,sweep_episode_logs/fv=full_lr=0.0005_rollout=2048_hidden=512x512_clip=0.25_temp=0.5_maxep=512_seed=1.csv
full,0.0005,2048,"(512, 512)",0.25,0.5,512,2,6562.183,195.99872372188707,258.5521902500186,sweep_episode_logs/fv=full_lr=0.0005_rollout=2048_hidden=512x512_clip=0.25_temp=0.5_maxep=512_seed=2.csv
no_history,0.0003,512,"(128, 128)",0.2,0.5,512,0,17476.146,199.369591963402,262.7967923749238,sweep_episode_logs/fv=no_history_lr=0.0003_rollout=512_hidden=128x128_clip=0.2_temp=0.5_maxep=512_seed=0.csv
no_history,0.0003,512,"(128, 128)",0.2,0.5,512,1,8481.212,200.32720777559558,262.5572534580715,sweep_episode_logs/fv=no_history_lr=0.0003_rollout=512_hidden=128x128_clip=0.2_temp=0.5_maxep=512_seed=1.csv
no_history,0.0003,512,"(128, 128)",0.2,0.5,512,2,9090.03,198.04811460216382,262.6529233750189,sweep_episode_logs/fv=no_history_lr=0.0003_rollout=512_hidden=128x128_clip=0.2_temp=0.5_maxep=512_seed=2.csv
no_history,0.0003,512,"(128, 128)",0.1,0.5,512,0,7010.2188,204.65563242598728,262.6682567499811,sweep_episode_logs/fv=no_history_lr=0.0003_rollout=512_hidden=128x128_clip=0.1_temp=0.5_maxep=512_seed=0.csv
no_history,0.0003,512,"(128, 128)",0.1,0.5,512,1,10988.643,196.24072720257328,262.21456312504597,sweep_episode_logs/fv=no_history_lr=0.0003_rollout=512_hidden=128x128_clip=0.1_temp=0.5_maxep=512_seed=1.csv
no_history,0.0003,512,"(128, 128)",0.1,0.5,512,2,4136.902,198.3987396041901,263.1769967909204,sweep_episode_logs/fv=no_history_lr=0.0003_rollout=512_hidden=128x128_clip=0.1_temp=0.5_maxep=512_seed=2.csv
no_history,0.0003,512,"(128, 128)",0.25,0.5,512,0,4318.315,191.58756145881557,263.1890997500159,sweep_episode_logs/fv=no_history_lr=0.0003_rollout=512_hidden=128x128_clip=0.25_temp=0.5_maxep=512_seed=0.csv
no_history,0.0003,512,"(128, 128)",0.25,0.5,512,1,7283.9883,200.72696287073927,262.21115774998907,sweep_episode_logs/fv=no_history_lr=0.0003_rollout=512_hidden=128x128_clip=0.25_temp=0.5_maxep=512_seed=1.csv
no_history,0.0003,512,"(128, 128)",0.25,0.5,512,2,7737.3696,203.19046243225006,262.3000492498977,sweep_episode_logs/fv=no_history_lr=0.0003_rollout=512_hidden=128x128_clip=0.25_temp=0.5_maxep=512_seed=2.csv
no_history,0.0003,512,"(256, 256)",0.2,0.5,512,0,8565.56,202.16695250794734,262.019173250068,sweep_episode_logs/fv=no_history_lr=0.0003_rollout=512_hidden=256x256_clip=0.2_temp=0.5_maxep=512_seed=0.csv
no_history,0.0003,512,"(256, 256)",0.2,0.5,512,1,5334.878,197.53804639563091,262.503927832935,sweep_episode_logs/fv=no_history_lr=0.0003_rollout=512_hidden=256x256_clip=0.2_temp=0.5_maxep=512_seed=1.csv
no_history,0.0003,512,"(256, 256)",0.2,0.5,512,2,5772.754,198.93381592289336,262.5885851669591,sweep_episode_logs/fv=no_history_lr=0.0003_rollout=512_hidden=256x256_clip=0.2_temp=0.5_maxep=512_seed=2.csv
no_history,0.0003,512,"(256, 256)",0.1,0.5,512,0,3006.9324,196.20945762522308,263.01456704200245,sweep_episode_logs/fv=no_history_lr=0.0003_rollout=512_hidden=256x256_clip=0.1_temp=0.5_maxep=512_seed=0.csv
no_history,0.0003,512,"(256, 256)",0.1,0.5,512,1,9786.394,195.54311579631104,262.78884587506764,sweep_episode_logs/fv=no_history_lr=0.0003_rollout=512_hidden=256x256_clip=0.1_temp=0.5_maxep=512_seed=1.csv
no_history,0.0003,512,"(256, 256)",0.1,0.5,512,2,3742.0625,189.9970818589416,262.5657380000921,sweep_episode_logs/fv=no_history_lr=0.0003_rollout=512_hidden=256x256_clip=0.1_temp=0.5_maxep=512_seed=2.csv
no_history,0.0003,512,"(256, 256)",0.25,0.5,512,0,6346.9937,192.43271580410905,262.49930987495463,sweep_episode_logs/fv=no_history_lr=0.0003_rollout=512_hidden=256x256_clip=0.25_temp=0.5_maxep=512_seed=0.csv
no_history,0.0003,512,"(256, 256)",0.25,0.5,512,1,23294.854,200.67300717698012,262.45743866590783,sweep_episode_logs/fv=no_history_lr=0.0003_rollout=512_hidden=256x256_clip=0.25_temp=0.5_maxep=512_seed=1.csv
no_history,0.0003,512,"(256, 256)",0.25,0.5,512,2,3176.397,186.82848076950347,262.77977316698525,sweep_episode_logs/fv=no_history_lr=0.0003_rollout=512_hidden=256x256_clip=0.25_temp=0.5_maxep=512_seed=2.csv
no_history,0.0003,512,"(512, 512)",0.2,0.5,512,0,4212.7476,201.10796051358963,262.51325174991507,sweep_episode_logs/fv=no_history_lr=0.0003_rollout=512_hidden=512x512_clip=0.2_temp=0.5_maxep=512_seed=0.csv
no_history,0.0003,512,"(512, 512)",0.2,0.5,512,1,12706.024,201.5624768783175,262.5089042909676,sweep_episode_logs/fv=no_history_lr=0.0003_rollout=512_hidden=512x512_clip=0.2_temp=0.5_maxep=512_seed=1.csv
no_history,0.0003,512,"(512, 512)",0.2,0.5,512,2,6322.7373,193.0522418298628,262.60693616606295,sweep_episode_logs/fv=no_history_lr=0.0003_rollout=512_hidden=512x512_clip=0.2_temp=0.5_maxep=512_seed=2.csv
no_history,0.0003,512,"(512, 512)",0.1,0.5,512,0,5643.434,196.38660004455386,262.61657770804595,sweep_episode_logs/fv=no_history_lr=0.0003_rollout=512_hidden=512x512_clip=0.1_temp=0.5_maxep=512_seed=0.csv
no_history,0.0003,512,"(512, 512)",0.1,0.5,512,1,7150.6245,196.06811463975427,262.24937487510033,sweep_episode_logs/fv=no_history_lr=0.0003_rollout=512_hidden=512x512_clip=0.1_temp=0.5_maxep=512_seed=1.csv
no_history,0.0003,512,"(512, 512)",0.1,0.5,512,2,2874.773,193.41570594767285,261.44059683405794,sweep_episode_logs/fv=no_history_lr=0.0003_rollout=512_hidden=512x512_clip=0.1_temp=0.5_maxep=512_seed=2.csv
no_history,0.0003,512,"(512, 512)",0.25,0.5,512,0,13295.13,206.70642599855591,262.51229808304925,sweep_episode_logs/fv=no_history_lr=0.0003_rollout=512_hidden=512x512_clip=0.25_temp=0.5_maxep=512_seed=0.csv
no_history,0.0003,512,"(512, 512)",0.25,0.5,512,1,4214.162,202.1785554188853,262.6582354999846,sweep_episode_logs/fv=no_history_lr=0.0003_rollout=512_hidden=512x512_clip=0.25_temp=0.5_maxep=512_seed=1.csv
no_history,0.0003,512,"(512, 512)",0.25,0.5,512,2,4853.104,201.78775377599908,262.8617670000531,sweep_episode_logs/fv=no_history_lr=0.0003_rollout=512_hidden=512x512_clip=0.25_temp=0.5_maxep=512_seed=2.csv
no_history,0.0003,1024,"(128, 128)",0.2,0.5,512,0,5926.49,203.48730106891344,259.1186405000044,sweep_episode_logs/fv=no_history_lr=0.0003_rollout=1024_hidden=128x128_clip=0.2_temp=0.5_maxep=512_seed=0.csv
no_history,0.0003,1024,"(128, 128)",0.2,0.5,512,1,6024.623,199.54115555939535,258.85673104203306,sweep_episode_logs/fv=no_history_lr=0.0003_rollout=1024_hidden=128x128_clip=0.2_temp=0.5_maxep=512_seed=1.csv
no_history,0.0003,1024,"(128, 128)",0.2,0.5,512,2,7666.8677,199.9909420799092,258.8912429169286,sweep_episode_logs/fv=no_history_lr=0.0003_rollout=1024_hidden=128x128_clip=0.2_temp=0.5_maxep=512_seed=2.csv
no_history,0.0003,1024,"(128, 128)",0.1,0.5,512,0,7051.928,194.8001278780515,258.9873402080266,sweep_episode_logs/fv=no_history_lr=0.0003_rollout=1024_hidden=128x128_clip=0.1_temp=0.5_maxep=512_seed=0.csv
no_history,0.0003,1024,"(128, 128)",0.1,0.5,512,1,7361.2554,194.27535237809752,258.8954880409874,sweep_episode_logs/fv=no_history_lr=0.0003_rollout=1024_hidden=128x128_clip=0.1_temp=0.5_maxep=512_seed=1.csv
no_history,0.0003,1024,"(128, 128)",0.1,0.5,512,2,6185.0,190.71246024090638,258.36247212497983,sweep_episode_logs/fv=no_history_lr=0.0003_rollout=1024_hidden=128x128_clip=0.1_temp=0.5_maxep=512_seed=2.csv
no_history,0.0003,1024,"(128, 128)",0.25,0.5,512,0,4905.991,195.36475218423652,258.3929485420231,sweep_episode_logs/fv=no_history_lr=0.0003_rollout=1024_hidden=128x128_clip=0.25_temp=0.5_maxep=512_seed=0.csv
no_history,0.0003,1024,"(128, 128)",0.25,0.5,512,1,9779.378,201.7738890074903,258.49911787500605,sweep_episode_logs/fv=no_history_lr=0.0003_rollout=1024_hidden=128x128_clip=0.25_temp=0.5_maxep=512_seed=1.csv
no_history,0.0003,1024,"(128, 128)",0.25,0.5,512,2,15078.411,204.28139633844157,258.8345188749954,sweep_episode_logs/fv=no_history_lr=0.0003_rollout=1024_hidden=128x128_clip=0.25_temp=0.5_maxep=512_seed=2.csv
no_history,0.0003,1024,"(256, 256)",0.2,0.5,512,0,8187.4375,200.45464723432335,255.67004612495657,sweep_episode_logs/fv=no_history_lr=0.0003_rollout=1024_hidden=256x256_clip=0.2_temp=0.5_maxep=512_seed=0.csv
no_history,0.0003,1024,"(256, 256)",0.2,0.5,512,1,7569.491,200.44877475713443,254.80039362504613,sweep_episode_logs/fv=no_history_lr=0.0003_rollout=1024_hidden=256x256_clip=0.2_temp=0.5_maxep=512_seed=1.csv
no_history,0.0003,1024,"(256, 256)",0.2,0.5,512,2,4777.932,199.2998208457313,258.8191365840612,sweep_episode_logs/fv=no_history_lr=0.0003_rollout=1024_hidden=256x256_clip=0.2_temp=0.5_maxep=512_seed=2.csv
no_history,0.0003,1024,"(256, 256)",0.1,0.5,512,0,4811.969,194.34538192127235,260.0620358749293,sweep_episode_logs/fv=no_history_lr=0.0003_rollout=1024_hidden=256x256_clip=0.1_temp=0.5_maxep=512_seed=0.csv
no_history,0.0003,1024,"(256, 256)",0.1,0.5,512,1,7634.394,197.89237121724668,258.8641726250062,sweep_episode_logs/fv=no_history_lr=0.0003_rollout=1024_hidden=256x256_clip=0.1_temp=0.5_maxep=512_seed=1.csv
no_history,0.0003,1024,"(256, 256)",0.1,0.5,512,2,7177.7954,200.23293658371085,258.64228558400646,sweep_episode_logs/fv=no_history_lr=0.0003_rollout=1024_hidden=256x256_clip=0.1_temp=0.5_maxep=512_seed=2.csv
no_history,0.0003,1024,"(256, 256)",0.25,0.5,512,0,12013.259,202.13873041807489,259.3648372499738,sweep_episode_logs/fv=no_history_lr=0.0003_rollout=1024_hidden=256x256_clip=0.25_temp=0.5_maxep=512_seed=0.csv
no_history,0.0003,1024,"(256, 256)",0.25,0.5,512,1,4817.9097,207.06673693533153,258.90351704193745,sweep_episode_logs/fv=no_history_lr=0.0003_rollout=1024_hidden=256x256_clip=0.25_temp=0.5_maxep=512_seed=1.csv
no_history,0.0003,1024,"(256, 256)",0.25,0.5,512,2,5733.558,204.58083276052488,259.0446971660713,sweep_episode_logs/fv=no_history_lr=0.0003_rollout=1024_hidden=256x256_clip=0.25_temp=0.5_maxep=512_seed=2.csv
no_history,0.0003,1024,"(512, 512)",0.2,0.5,512,0,6796.8276,197.51787131521672,259.1366972080432,sweep_episode_logs/fv=no_history_lr=0.0003_rollout=1024_hidden=512x512_clip=0.2_temp=0.5_maxep=512_seed=0.csv
no_history,0.0003,1024,"(512, 512)",0.2,0.5,512,1,11253.457,201.9348504539268,259.39514125010464,sweep_episode_logs/fv=no_history_lr=0.0003_rollout=1024_hidden=512x512_clip=0.2_temp=0.5_maxep=512_seed=1.csv
no_history,0.0003,1024,"(512, 512)",0.2,0.5,512,2,11045.154,202.99520148754533,259.37456329201814,sweep_episode_logs/fv=no_history_lr=0.0003_rollout=1024_hidden=512x512_clip=0.2_temp=0.5_maxep=512_seed=2.csv
no_history,0.0003,1024,"(512, 512)",0.1,0.5,512,0,6971.3345,193.6094265896441,259.3349330830388,sweep_episode_logs/fv=no_history_lr=0.0003_rollout=1024_hidden=512x512_clip=0.1_temp=0.5_maxep=512_seed=0.csv
no_history,0.0003,1024,"(512, 512)",0.1,0.5,512,1,6706.2925,192.4888924273582,259.1685641250806,sweep_episode_logs/fv=no_history_lr=0.0003_rollout=1024_hidden=512x512_clip=0.1_temp=0.5_maxep=512_seed=1.csv
no_history,0.0003,1024,"(512, 512)",0.1,0.5,512,2,4681.0293,193.5430652325195,255.95207329199184,sweep_episode_logs/fv=no_history_lr=0.0003_rollout=1024_hidden=512x512_clip=0.1_temp=0.5_maxep=512_seed=2.csv
no_history,0.0003,1024,"(512, 512)",0.25,0.5,512,0,11630.273,198.77000145222323,253.42819783301093,sweep_episode_logs/fv=no_history_lr=0.0003_rollout=1024_hidden=512x512_clip=0.25_temp=0.5_maxep=512_seed=0.csv
no_history,0.0003,1024,"(512, 512)",0.25,0.5,512,1,5413.839,198.58337783066617,253.36988741601817,sweep_episode_logs/fv=no_history_lr=0.0003_rollout=1024_hidden=512x512_clip=0.25_temp=0.5_maxep=512_seed=1.csv
no_history,0.0003,1024,"(512, 512)",0.25,0.5,512,2,4049.0027,190.7301590440353,253.70381800003815,sweep_episode_logs/fv=no_history_lr=0.0003_rollout=1024_hidden=512x512_clip=0.25_temp=0.5_maxep=512_seed=2.csv
no_history,0.0003,2048,"(128, 128)",0.2,0.5,512,0,5349.5117,203.7688178911489,240.70592779200524,sweep_episode_logs/fv=no_history_lr=0.0003_rollout=2048_hidden=128x128_clip=0.2_temp=0.5_maxep=512_seed=0.csv
no_history,0.0003,2048,"(128, 128)",0.2,0.5,512,1,8182.4707,207.54574687457585,219.3710903750034,sweep_episode_logs/fv=no_history_lr=0.0003_rollout=2048_hidden=128x128_clip=0.2_temp=0.5_maxep=512_seed=1.csv
no_history,0.0003,2048,"(128, 128)",0.2,0.5,512,2,7153.9204,191.77075805430974,222.25396400003228,sweep_episode_logs/fv=no_history_lr=0.0003_rollout=2048_hidden=128x128_clip=0.2_temp=0.5_maxep=512_seed=2.csv
no_history,0.0003,2048,"(128, 128)",0.1,0.5,512,0,5096.3975,193.68805515705645,221.78867741697468,sweep_episode_logs/fv=no_history_lr=0.0003_rollout=2048_hidden=128x128_clip=0.1_temp=0.5_maxep=512_seed=0.csv
no_history,0.0003,2048,"(128, 128)",0.1,0.5,512,1,6130.089,191.73655475187064,222.15898870897945,sweep_episode_logs/fv=no_history_lr=0.0003_rollout=2048_hidden=128x128_clip=0.1_temp=0.5_maxep=512_seed=1.csv
no_history,0.0003,2048,"(128, 128)",0.1,0.5,512,2,5709.4346,190.24794136785707,221.63929812505376,sweep_episode_logs/fv=no_history_lr=0.0003_rollout=2048_hidden=128x128_clip=0.1_temp=0.5_maxep=512_seed=2.csv
no_history,0.0003,2048,"(128, 128)",0.25,0.5,512,0,5159.9854,205.10101680476845,223.4535053750733,sweep_episode_logs/fv=no_history_lr=0.0003_rollout=2048_hidden=128x128_clip=0.25_temp=0.5_maxep=512_seed=0.csv
no_history,0.0003,2048,"(128, 128)",0.25,0.5,512,1,7900.7466,201.26307073151582,259.7726976670092,sweep_episode_logs/fv=no_history_lr=0.0003_rollout=2048_hidden=128x128_clip=0.25_temp=0.5_maxep=512_seed=1.csv
no_history,0.0003,2048,"(128, 128)",0.25,0.5,512,2,5983.914,204.73746046685307,265.9065845001023,sweep_episode_logs/fv=no_history_lr=0.0003_rollout=2048_hidden=128x128_clip=0.25_temp=0.5_maxep=512_seed=2.csv
no_history,0.0003,2048,"(256, 256)",0.2,0.5,512,0,6178.9473,200.2352284118683,265.53881162498146,sweep_episode_logs/fv=no_history_lr=0.0003_rollout=2048_hidden=256x256_clip=0.2_temp=0.5_maxep=512_seed=0.csv
no_history,0.0003,2048,"(256, 256)",0.2,0.5,512,1,9242.95,197.02779776684082,265.7943523330614,sweep_episode_logs/fv=no_history_lr=0.0003_rollout=2048_hidden=256x256_clip=0.2_temp=0.5_maxep=512_seed=1.csv
no_history,0.0003,2048,"(256, 256)",0.2,0.5,512,2,8678.476,200.16550213699352,265.77735445904545,sweep_episode_logs/fv=no_history_lr=0.0003_rollout=2048_hidden=256x256_clip=0.2_temp=0.5_maxep=512_seed=2.csv
no_history,0.0003,2048,"(256, 256)",0.1,0.5,512,0,5438.1353,192.4985814052796,265.98916070803534,sweep_episode_logs/fv=no_history_lr=0.0003_rollout=2048_hidden=256x256_clip=0.1_temp=0.5_maxep=512_seed=0.csv
no_history,0.0003,2048,"(256, 256)",0.1,0.5,512,1,6069.76,190.06882783387167,266.2284692079993,sweep_episode_logs/fv=no_history_lr=0.0003_rollout=2048_hidden=256x256_clip=0.1_temp=0.5_maxep=512_seed=1.csv
no_history,0.0003,2048,"(256, 256)",0.1,0.5,512,2,6176.006,193.1118987149461,265.60382724995725,sweep_episode_logs/fv=no_history_lr=0.0003_rollout=2048_hidden=256x256_clip=0.1_temp=0.5_maxep=512_seed=2.csv
no_history,0.0003,2048,"(256, 256)",0.25,0.5,512,0,5027.4272,193.72774645186897,266.08070387504995,sweep_episode_logs/fv=no_history_lr=0.0003_rollout=2048_hidden=256x256_clip=0.25_temp=0.5_maxep=512_seed=0.csv
no_history,0.0003,2048,"(256, 256)",0.25,0.5,512,1,13935.941,202.26361815784009,265.92212687502615,sweep_episode_logs/fv=no_history_lr=0.0003_rollout=2048_hidden=256x256_clip=0.25_temp=0.5_maxep=512_seed=1.csv
no_history,0.0003,2048,"(256, 256)",0.25,0.5,512,2,6413.76,200.61743890140616,265.4395402080845,sweep_episode_logs/fv=no_history_lr=0.0003_rollout=2048_hidden=256x256_clip=0.25_temp=0.5_maxep=512_seed=2.csv
no_history,0.0003,2048,"(512, 512)",0.2,0.5,512,0,6310.2065,193.32873868437832,265.67263741698116,sweep_episode_logs/fv=no_history_lr=0.0003_rollout=2048_hidden=512x512_clip=0.2_temp=0.5_maxep=512_seed=0.csv
no_history,0.0003,2048,"(512, 512)",0.2,0.5,512,1,7779.193,205.31829670825027,265.47807854192797,sweep_episode_logs/fv=no_history_lr=0.0003_rollout=2048_hidden=512x512_clip=0.2_temp=0.5_maxep=512_seed=1.csv
no_history,0.0003,2048,"(512, 512)",0.2,0.5,512,2,3947.7024,198.41852925849238,265.6656223750906,sweep_episode_logs/fv=no_history_lr=0.0003_rollout=2048_hidden=512x512_clip=0.2_temp=0.5_maxep=512_seed=2.csv
no_history,0.0003,2048,"(512, 512)",0.1,0.5,512,0,5837.6226,189.5511535911932,265.13575608306564,sweep_episode_logs/fv=no_history_lr=0.0003_rollout=2048_hidden=512x512_clip=0.1_temp=0.5_maxep=512_seed=0.csv
no_history,0.0003,2048,"(512, 512)",0.1,0.5,512,1,7258.2275,194.56963714773752,265.9331705830991,sweep_episode_logs/fv=no_history_lr=0.0003_rollout=2048_hidden=512x512_clip=0.1_temp=0.5_maxep=512_seed=1.csv
no_history,0.0003,2048,"(512, 512)",0.1,0.5,512,2,5275.9336,194.80383779619584,277.98274337500334,sweep_episode_logs/fv=no_history_lr=0.0003_rollout=2048_hidden=512x512_clip=0.1_temp=0.5_maxep=512_seed=2.csv
no_history,0.0003,2048,"(512, 512)",0.25,0.5,512,0,6740.006,199.49317090342933,278.14915424992796,sweep_episode_logs/fv=no_history_lr=0.0003_rollout=2048_hidden=512x512_clip=0.25_temp=0.5_maxep=512_seed=0.csv
no_history,0.0003,2048,"(512, 512)",0.25,0.5,512,1,19224.805,199.18221871974154,265.8557386249304,sweep_episode_logs/fv=no_history_lr=0.0003_rollout=2048_hidden=512x512_clip=0.25_temp=0.5_maxep=512_seed=1.csv
no_history,0.0003,2048,"(512, 512)",0.25,0.5,512,2,3509.2131,201.91145706925477,265.9491667500697,sweep_episode_logs/fv=no_history_lr=0.0003_rollout=2048_hidden=512x512_clip=0.25_temp=0.5_maxep=512_seed=2.csv
no_history,0.0001,512,"(128, 128)",0.2,0.5,512,0,5529.0747,203.1430165918817,270.7015774999745,sweep_episode_logs/fv=no_history_lr=0.0001_rollout=512_hidden=128x128_clip=0.2_temp=0.5_maxep=512_seed=0.csv
no_history,0.0001,512,"(128, 128)",0.2,0.5,512,1,4781.6196,184.82797997444302,270.91851975000463,sweep_episode_logs/fv=no_history_lr=0.0001_rollout=512_hidden=128x128_clip=0.2_temp=0.5_maxep=512_seed=1.csv
no_history,0.0001,512,"(128, 128)",0.2,0.5,512,2,4909.1694,189.11473341436448,270.69774345797487,sweep_episode_logs/fv=no_history_lr=0.0001_rollout=512_hidden=128x128_clip=0.2_temp=0.5_maxep=512_seed=2.csv
no_history,0.0001,512,"(128, 128)",0.1,0.5,512,0,6492.672,189.4054058310889,272.3667734579649,sweep_episode_logs/fv=no_history_lr=0.0001_rollout=512_hidden=128x128_clip=0.1_temp=0.5_maxep=512_seed=0.csv
no_history,0.0001,512,"(128, 128)",0.1,0.5,512,1,8505.628,197.34415628630242,270.53400570806116,sweep_episode_logs/fv=no_history_lr=0.0001_rollout=512_hidden=128x128_clip=0.1_temp=0.5_maxep=512_seed=1.csv
no_history,0.0001,512,"(128, 128)",0.1,0.5,512,2,7844.4966,194.19448375520457,270.676183084026,sweep_episode_logs/fv=no_history_lr=0.0001_rollout=512_hidden=128x128_clip=0.1_temp=0.5_maxep=512_seed=2.csv
no_history,0.0001,512,"(128, 128)",0.25,0.5,512,0,8993.582,198.5432964535633,270.24320608295966,sweep_episode_logs/fv=no_history_lr=0.0001_rollout=512_hidden=128x128_clip=0.25_temp=0.5_maxep=512_seed=0.csv
no_history,0.0001,512,"(128, 128)",0.25,0.5,512,1,9243.2295,190.40098002177996,270.43735675001517,sweep_episode_logs/fv=no_history_lr=0.0001_rollout=512_hidden=128x128_clip=0.25_temp=0.5_maxep=512_seed=1.csv
no_history,0.0001,512,"(128, 128)",0.25,0.5,512,2,4809.899,197.8722870118357,270.51802125002723,sweep_episode_logs/fv=no_history_lr=0.0001_rollout=512_hidden=128x128_clip=0.25_temp=0.5_maxep=512_seed=2.csv
no_history,0.0001,512,"(256, 256)",0.2,0.5,512,0,3120.6863,189.91695430202344,271.08047779195476,sweep_episode_logs/fv=no_history_lr=0.0001_rollout=512_hidden=256x256_clip=0.2_temp=0.5_maxep=512_seed=0.csv
no_history,0.0001,512,"(256, 256)",0.2,0.5,512,1,10296.543,193.1252617679674,250.37430204206612,sweep_episode_logs/fv=no_history_lr=0.0001_rollout=512_hidden=256x256_clip=0.2_temp=0.5_maxep=512_seed=1.csv
no_history,0.0001,512,"(256, 256)",0.2,0.5,512,2,10538.4,198.86903446847282,226.03728020796552,sweep_episode_logs/fv=no_history_lr=0.0001_rollout=512_hidden=256x256_clip=0.2_temp=0.5_maxep=512_seed=2.csv
no_history,0.0001,512,"(256, 256)",0.1,0.5,512,0,6242.837,193.09720813150608,225.31778245791793,sweep_episode_logs/fv=no_history_lr=0.0001_rollout=512_hidden=256x256_clip=0.1_temp=0.5_maxep=512_seed=0.csv
no_history,0.0001,512,"(256, 256)",0.1,0.5,512,1,8147.5347,198.92231092233237,224.67646333295852,sweep_episode_logs/fv=no_history_lr=0.0001_rollout=512_hidden=256x256_clip=0.1_temp=0.5_maxep=512_seed=1.csv
no_history,0.0001,512,"(256, 256)",0.1,0.5,512,2,3487.304,187.75450359836069,223.7414762499975,sweep_episode_logs/fv=no_history_lr=0.0001_rollout=512_hidden=256x256_clip=0.1_temp=0.5_maxep=512_seed=2.csv
no_history,0.0001,512,"(256, 256)",0.25,0.5,512,0,11429.165,191.2523847923224,225.2910219579935,sweep_episode_logs/fv=no_history_lr=0.0001_rollout=512_hidden=256x256_clip=0.25_temp=0.5_maxep=512_seed=0.csv
no_history,0.0001,512,"(256, 256)",0.25,0.5,512,1,5089.5483,186.25294980746668,225.2735223750351,sweep_episode_logs/fv=no_history_lr=0.0001_rollout=512_hidden=256x256_clip=0.25_temp=0.5_maxep=512_seed=1.csv
no_history,0.0001,512,"(256, 256)",0.25,0.5,512,2,6832.965,184.03849530201228,224.6878359579714,sweep_episode_logs/fv=no_history_lr=0.0001_rollout=512_hidden=256x256_clip=0.25_temp=0.5_maxep=512_seed=2.csv
no_history,0.0001,512,"(512, 512)",0.2,0.5,512,0,10486.515,201.0448850344318,224.53252533392515,sweep_episode_logs/fv=no_history_lr=0.0001_rollout=512_hidden=512x512_clip=0.2_temp=0.5_maxep=512_seed=0.csv
no_history,0.0001,512,"(512, 512)",0.2,0.5,512,1,5315.2236,204.45200989829115,224.67847300006542,sweep_episode_logs/fv=no_history_lr=0.0001_rollout=512_hidden=512x512_clip=0.2_temp=0.5_maxep=512_seed=1.csv
no_history,0.0001,512,"(512, 512)",0.2,0.5,512,2,4884.0454,193.84887194412562,224.5502859579865,sweep_episode_logs/fv=no_history_lr=0.0001_rollout=512_hidden=512x512_clip=0.2_temp=0.5_maxep=512_seed=2.csv
no_history,0.0001,512,"(512, 512)",0.1,0.5,512,0,4451.4165,193.9061967436113,224.42260608298238,sweep_episode_logs/fv=no_history_lr=0.0001_rollout=512_hidden=512x512_clip=0.1_temp=0.5_maxep=512_seed=0.csv
no_history,0.0001,512,"(512, 512)",0.1,0.5,512,1,5545.8677,190.45596125256398,224.714776000008,sweep_episode_logs/fv=no_history_lr=0.0001_rollout=512_hidden=512x512_clip=0.1_temp=0.5_maxep=512_seed=1.csv
no_history,0.0001,512,"(512, 512)",0.1,0.5,512,2,6077.426,191.7612915772417,224.5430845420342,sweep_episode_logs/fv=no_history_lr=0.0001_rollout=512_hidden=512x512_clip=0.1_temp=0.5_maxep=512_seed=2.csv
no_history,0.0001,512,"(512, 512)",0.25,0.5,512,0,4903.8433,194.72058047903815,224.81606387498323,sweep_episode_logs/fv=no_history_lr=0.0001_rollout=512_hidden=512x512_clip=0.25_temp=0.5_maxep=512_seed=0.csv
no_history,0.0001,512,"(512, 512)",0.25,0.5,512,1,8572.689,194.15417831611643,224.94116675003897,sweep_episode_logs/fv=no_history_lr=0.0001_rollout=512_hidden=512x512_clip=0.25_temp=0.5_maxep=512_seed=1.csv
no_history,0.0001,512,"(512, 512)",0.25,0.5,512,2,3820.2766,192.64618555900105,224.663630291936,sweep_episode_logs/fv=no_history_lr=0.0001_rollout=512_hidden=512x512_clip=0.25_temp=0.5_maxep=512_seed=2.csv
no_history,0.0001,1024,"(128, 128)",0.2,0.5,512,0,8593.693,198.2440557354261,222.3306411249796,sweep_episode_logs/fv=no_history_lr=0.0001_rollout=1024_hidden=128x128_clip=0.2_temp=0.5_maxep=512_seed=0.csv
no_history,0.0001,1024,"(128, 128)",0.2,0.5,512,1,8109.6714,191.6477516516445,222.1624813330127,sweep_episode_logs/fv=no_history_lr=0.0001_rollout=1024_hidden=128x128_clip=0.2_temp=0.5_maxep=512_seed=1.csv
no_history,0.0001,1024,"(128, 128)",0.2,0.5,512,2,3121.1235,198.14990370152677,220.86316212499514,sweep_episode_logs/fv=no_history_lr=0.0001_rollout=1024_hidden=128x128_clip=0.2_temp=0.5_maxep=512_seed=2.csv
no_history,0.0001,1024,"(128, 128)",0.1,0.5,512,0,6573.958,188.64951999972124,221.8193086249521,sweep_episode_logs/fv=no_history_lr=0.0001_rollout=1024_hidden=128x128_clip=0.1_temp=0.5_maxep=512_seed=0.csv
no_history,0.0001,1024,"(128, 128)",0.1,0.5,512,1,5692.512,185.8464569071843,220.53973433293868,sweep_episode_logs/fv=no_history_lr=0.0001_rollout=1024_hidden=128x128_clip=0.1_temp=0.5_maxep=512_seed=1.csv
no_history,0.0001,1024,"(128, 128)",0.1,0.5,512,2,4927.1255,192.72643849645496,221.0282501669135,sweep_episode_logs/fv=no_history_lr=0.0001_rollout=1024_hidden=128x128_clip=0.1_temp=0.5_maxep=512_seed=2.csv
no_history,0.0001,1024,"(128, 128)",0.25,0.5,512,0,9173.935,194.43730310183497,220.92793512507342,sweep_episode_logs/fv=no_history_lr=0.0001_rollout=1024_hidden=128x128_clip=0.25_temp=0.5_maxep=512_seed=0.csv
no_history,0.0001,1024,"(128, 128)",0.25,0.5,512,1,7099.4443,188.8653052408381,220.940709291026,sweep_episode_logs/fv=no_history_lr=0.0001_rollout=1024_hidden=128x128_clip=0.25_temp=0.5_maxep=512_seed=1.csv
no_history,0.0001,1024,"(128, 128)",0.25,0.5,512,2,9193.57,199.27481414092725,221.38674691703636,sweep_episode_logs/fv=no_history_lr=0.0001_rollout=1024_hidden=128x128_clip=0.25_temp=0.5_maxep=512_seed=2.csv
no_history,0.0001,1024,"(256, 256)",0.2,0.5,512,0,4441.734,196.47061351009413,221.57233804196585,sweep_episode_logs/fv=no_history_lr=0.0001_rollout=1024_hidden=256x256_clip=0.2_temp=0.5_maxep=512_seed=0.csv
no_history,0.0001,1024,"(256, 256)",0.2,0.5,512,1,11776.764,199.88498220630552,221.5753977909917,sweep_episode_logs/fv=no_history_lr=0.0001_rollout=1024_hidden=256x256_clip=0.2_temp=0.5_maxep=512_seed=1.csv
no_history,0.0001,1024,"(256, 256)",0.2,0.5,512,2,2230.7017,197.86036939071124,221.9587505410891,sweep_episode_logs/fv=no_history_lr=0.0001_rollout=1024_hidden=256x256_clip=0.2_temp=0.5_maxep=512_seed=2.csv
no_history,0.0001,1024,"(256, 256)",0.1,0.5,512,0,6950.0503,193.52851933131885,221.40178133302834,sweep_episode_logs/fv=no_history_lr=0.0001_rollout=1024_hidden=256x256_clip=0.1_temp=0.5_maxep=512_seed=0.csv
no_history,0.0001,1024,"(256, 256)",0.1,0.5,512,1,6970.5654,196.30207342135196,221.45807562500704,sweep_episode_logs/fv=no_history_lr=0.0001_rollout=1024_hidden=256x256_clip=0.1_temp=0.5_maxep=512_seed=1.csv
no_history,0.0001,1024,"(256, 256)",0.1,0.5,512,2,5342.029,194.23762780434038,222.01557516609319,sweep_episode_logs/fv=no_history_lr=0.0001_rollout=1024_hidden=256x256_clip=0.1_temp=0.5_maxep=512_seed=2.csv
no_history,0.0001,1024,"(256, 256)",0.25,0.5,512,0,5125.773,197.3585044017121,222.3649267089786,sweep_episode_logs/fv=no_history_lr=0.0001_rollout=1024_hidden=256x256_clip=0.25_temp=0.5_maxep=512_seed=0.csv
no_history,0.0001,1024,"(256, 256)",0.25,0.5,512,1,10325.639,195.9066466364121,221.61653654195834,sweep_episode_logs/fv=no_history_lr=0.0001_rollout=1024_hidden=256x256_clip=0.25_temp=0.5_maxep=512_seed=1.csv
no_history,0.0001,1024,"(256, 256)",0.25,0.5,512,2,1888.6619,203.52672193028383,221.51838337501977,sweep_episode_logs/fv=no_history_lr=0.0001_rollout=1024_hidden=256x256_clip=0.25_temp=0.5_maxep=512_seed=2.csv
no_history,0.0001,1024,"(512, 512)",0.2,0.5,512,0,4783.3345,195.41850192674332,221.52467895799782,sweep_episode_logs/fv=no_history_lr=0.0001_rollout=1024_hidden=512x512_clip=0.2_temp=0.5_maxep=512_seed=0.csv
no_history,0.0001,1024,"(512, 512)",0.2,0.5,512,1,8140.623,192.406476934849,221.61913316708524,sweep_episode_logs/fv=no_history_lr=0.0001_rollout=1024_hidden=512x512_clip=0.2_temp=0.5_maxep=512_seed=1.csv
no_history,0.0001,1024,"(512, 512)",0.2,0.5,512,2,2565.2769,193.93650124034212,221.81807575002313,sweep_episode_logs/fv=no_history_lr=0.0001_rollout=1024_hidden=512x512_clip=0.2_temp=0.5_maxep=512_seed=2.csv
no_history,0.0001,1024,"(512, 512)",0.1,0.5,512,0,4284.3657,195.55455246689172,221.57460995798465,sweep_episode_logs/fv=no_history_lr=0.0001_rollout=1024_hidden=512x512_clip=0.1_temp=0.5_maxep=512_seed=0.csv
no_history,0.0001,1024,"(512, 512)",0.1,0.5,512,1,6808.393,194.8641202294584,222.21010633406695,sweep_episode_logs/fv=no_history_lr=0.0001_rollout=1024_hidden=512x512_clip=0.1_temp=0.5_maxep=512_seed=1.csv
no_history,0.0001,1024,"(512, 512)",0.1,0.5,512,2,4403.2173,199.1201066114579,219.64031887496822,sweep_episode_logs/fv=no_history_lr=0.0001_rollout=1024_hidden=512x512_clip=0.1_temp=0.5_maxep=512_seed=2.csv
no_history,0.0001,1024,"(512, 512)",0.25,0.5,512,0,2692.3318,201.95582161140072,220.83732283301651,sweep_episode_logs/fv=no_history_lr=0.0001_rollout=1024_hidden=512x512_clip=0.25_temp=0.5_maxep=512_seed=0.csv
no_history,0.0001,1024,"(512, 512)",0.25,0.5,512,1,10135.174,192.37285556855758,221.07385795807932,sweep_episode_logs/fv=no_history_lr=0.0001_rollout=1024_hidden=512x512_clip=0.25_temp=0.5_maxep=512_seed=1.csv
no_history,0.0001,1024,"(512, 512)",0.25,0.5,512,2,2314.3887,191.12003231338662,221.1060352079803,sweep_episode_logs/fv=no_history_lr=0.0001_rollout=1024_hidden=512x512_clip=0.25_temp=0.5_maxep=512_seed=2.csv
no_history,0.0001,2048,"(128, 128)",0.2,0.5,512,0,4802.926,198.41156737021456,220.88621875003446,sweep_episode_logs/fv=no_history_lr=0.0001_rollout=2048_hidden=128x128_clip=0.2_temp=0.5_maxep=512_seed=0.csv
no_history,0.0001,2048,"(128, 128)",0.2,0.5,512,1,7661.095,190.80199670469784,220.57861783297267,sweep_episode_logs/fv=no_history_lr=0.0001_rollout=2048_hidden=128x128_clip=0.2_temp=0.5_maxep=512_seed=1.csv
no_history,0.0001,2048,"(128, 128)",0.2,0.5,512,2,3751.1628,195.86739703717404,221.17682004207745,sweep_episode_logs/fv=no_history_lr=0.0001_rollout=2048_hidden=128x128_clip=0.2_temp=0.5_maxep=512_seed=2.csv
no_history,0.0001,2048,"(128, 128)",0.1,0.5,512,0,5742.7993,188.7193941189526,221.68435483402573,sweep_episode_logs/fv=no_history_lr=0.0001_rollout=2048_hidden=128x128_clip=0.1_temp=0.5_maxep=512_seed=0.csv
no_history,0.0001,2048,"(128, 128)",0.1,0.5,512,1,7149.3594,191.372211319144,221.2516285829479,sweep_episode_logs/fv=no_history_lr=0.0001_rollout=2048_hidden=128x128_clip=0.1_temp=0.5_maxep=512_seed=1.csv
no_history,0.0001,2048,"(128, 128)",0.1,0.5,512,2,6083.6494,185.7517558410757,221.2844172080513,sweep_episode_logs/fv=no_history_lr=0.0001_rollout=2048_hidden=128x128_clip=0.1_temp=0.5_maxep=512_seed=2.csv
no_history,0.0001,2048,"(128, 128)",0.25,0.5,512,0,6781.8486,195.1768117596363,221.24651254096534,sweep_episode_logs/fv=no_history_lr=0.0001_rollout=2048_hidden=128x128_clip=0.25_temp=0.5_maxep=512_seed=0.csv
no_history,0.0001,2048,"(128, 128)",0.25,0.5,512,1,5367.0303,195.95498952094042,221.5319349169731,sweep_episode_logs/fv=no_history_lr=0.0001_rollout=2048_hidden=128x128_clip=0.25_temp=0.5_maxep=512_seed=1.csv
no_history,0.0001,2048,"(128, 128)",0.25,0.5,512,2,3718.3115,200.0700102442903,221.07227524998598,sweep_episode_logs/fv=no_history_lr=0.0001_rollout=2048_hidden=128x128_clip=0.25_temp=0.5_maxep=512_seed=2.csv
no_history,0.0001,2048,"(256, 256)",0.2,0.5,512,0,4803.3267,191.48551114968402,220.93467687501106,sweep_episode_logs/fv=no_history_lr=0.0001_rollout=2048_hidden=256x256_clip=0.2_temp=0.5_maxep=512_seed=0.csv
no_history,0.0001,2048,"(256, 256)",0.2,0.5,512,1,6202.8145,200.44944966037949,221.78593033307698,sweep_episode_logs/fv=no_history_lr=0.0001_rollout=2048_hidden=256x256_clip=0.2_temp=0.5_maxep=512_seed=1.csv
no_history,0.0001,2048,"(256, 256)",0.2,0.5,512,2,6886.253,190.71588877123526,220.91096891707275,sweep_episode_logs/fv=no_history_lr=0.0001_rollout=2048_hidden=256x256_clip=0.2_temp=0.5_maxep=512_seed=2.csv
no_history,0.0001,2048,"(256, 256)",0.1,0.5,512,0,5350.284,190.32266463862834,220.85791416699067,sweep_episode_logs/fv=no_history_lr=0.0001_rollout=2048_hidden=256x256_clip=0.1_temp=0.5_maxep=512_seed=0.csv
no_history,0.0001,2048,"(256, 256)",0.1,0.5,512,1,7086.572,193.18561378570544,220.9951747909654,sweep_episode_logs/fv=no_history_lr=0.0001_rollout=2048_hidden=256x256_clip=0.1_temp=0.5_maxep=512_seed=1.csv
no_history,0.0001,2048,"(256, 256)",0.1,0.5,512,2,5045.457,189.788067739747,220.82801920897327,sweep_episode_logs/fv=no_history_lr=0.0001_rollout=2048_hidden=256x256_clip=0.1_temp=0.5_maxep=512_seed=2.csv
no_history,0.0001,2048,"(256, 256)",0.25,0.5,512,0,6283.203,194.3707840859011,220.98661904095206,sweep_episode_logs/fv=no_history_lr=0.0001_rollout=2048_hidden=256x256_clip=0.25_temp=0.5_maxep=512_seed=0.csv
no_history,0.0001,2048,"(256, 256)",0.25,0.5,512,1,7737.6235,202.41182060805244,220.63149770896416,sweep_episode_logs/fv=no_history_lr=0.0001_rollout=2048_hidden=256x256_clip=0.25_temp=0.5_maxep=512_seed=1.csv
no_history,0.0001,2048,"(256, 256)",0.25,0.5,512,2,10208.212,199.8718403927424,220.4843781660311,sweep_episode_logs/fv=no_history_lr=0.0001_rollout=2048_hidden=256x256_clip=0.25_temp=0.5_maxep=512_seed=2.csv
no_history,0.0001,2048,"(512, 512)",0.2,0.5,512,0,6358.2686,195.9502550207159,220.83588366699405,sweep_episode_logs/fv=no_history_lr=0.0001_rollout=2048_hidden=512x512_clip=0.2_temp=0.5_maxep=512_seed=0.csv
no_history,0.0001,2048,"(512, 512)",0.2,0.5,512,1,5264.282,197.76667557475702,220.6805385419866,sweep_episode_logs/fv=no_history_lr=0.0001_rollout=2048_hidden=512x512_clip=0.2_temp=0.5_maxep=512_seed=1.csv
no_history,0.0001,2048,"(512, 512)",0.2,0.5,512,2,6563.243,197.14394262532147,220.8853458330268,sweep_episode_logs/fv=no_history_lr=0.0001_rollout=2048_hidden=512x512_clip=0.2_temp=0.5_maxep=512_seed=2.csv
no_history,0.0001,2048,"(512, 512)",0.1,0.5,512,0,5688.0415,192.8446355371097,221.0873136660084,sweep_episode_logs/fv=no_history_lr=0.0001_rollout=2048_hidden=512x512_clip=0.1_temp=0.5_maxep=512_seed=0.csv
no_history,0.0001,2048,"(512, 512)",0.1,0.5,512,1,7141.6426,196.86780642241553,220.3459039160516,sweep_episode_logs/fv=no_history_lr=0.0001_rollout=2048_hidden=512x512_clip=0.1_temp=0.5_maxep=512_seed=1.csv
no_history,0.0001,2048,"(512, 512)",0.1,0.5,512,2,5875.9194,189.56736891523383,220.61583374999464,sweep_episode_logs/fv=no_history_lr=0.0001_rollout=2048_hidden=512x512_clip=0.1_temp=0.5_maxep=512_seed=2.csv
no_history,0.0001,2048,"(512, 512)",0.25,0.5,512,0,5049.839,192.43465035344485,221.10040991602,sweep_episode_logs/fv=no_history_lr=0.0001_rollout=2048_hidden=512x512_clip=0.25_temp=0.5_maxep=512_seed=0.csv
no_history,0.0001,2048,"(512, 512)",0.25,0.5,512,1,7384.846,193.68561096647335,220.71736429200973,sweep_episode_logs/fv=no_history_lr=0.0001_rollout=2048_hidden=512x512_clip=0.25_temp=0.5_maxep=512_seed=1.csv
no_history,0.0001,2048,"(512, 512)",0.25,0.5,512,2,6406.619,201.2131498007275,221.16693387494888,sweep_episode_logs/fv=no_history_lr=0.0001_rollout=2048_hidden=512x512_clip=0.25_temp=0.5_maxep=512_seed=2.csv
no_history,0.0005,512,"(128, 128)",0.2,0.5,512,0,4530.909,199.69926426078126,224.45903591695242,sweep_episode_logs/fv=no_history_lr=0.0005_rollout=512_hidden=128x128_clip=0.2_temp=0.5_maxep=512_seed=0.csv
no_history,0.0005,512,"(128, 128)",0.2,0.5,512,1,4855.4766,197.78750401745913,224.19457670894917,sweep_episode_logs/fv=no_history_lr=0.0005_rollout=512_hidden=128x128_clip=0.2_temp=0.5_maxep=512_seed=1.csv
no_history,0.0005,512,"(128, 128)",0.2,0.5,512,2,4631.269,199.90923039497102,224.04308995907195,sweep_episode_logs/fv=no_history_lr=0.0005_rollout=512_hidden=128x128_clip=0.2_temp=0.5_maxep=512_seed=2.csv
no_history,0.0005,512,"(128, 128)",0.1,0.5,512,0,11306.545,190.1039039592076,224.6514472910203,sweep_episode_logs/fv=no_history_lr=0.0005_rollout=512_hidden=128x128_clip=0.1_temp=0.5_maxep=512_seed=0.csv
no_history,0.0005,512,"(128, 128)",0.1,0.5,512,1,10832.21,202.0907652022857,224.68466287490446,sweep_episode_logs/fv=no_history_lr=0.0005_rollout=512_hidden=128x128_clip=0.1_temp=0.5_maxep=512_seed=1.csv
no_history,0.0005,512,"(128, 128)",0.1,0.5,512,2,9163.162,203.4629436019593,224.52991333289538,sweep_episode_logs/fv=no_history_lr=0.0005_rollout=512_hidden=128x128_clip=0.1_temp=0.5_maxep=512_seed=2.csv
no_history,0.0005,512,"(128, 128)",0.25,0.5,512,0,7269.554,193.6655295957535,224.69005958398338,sweep_episode_logs/fv=no_history_lr=0.0005_rollout=512_hidden=128x128_clip=0.25_temp=0.5_maxep=512_seed=0.csv
no_history,0.0005,512,"(128, 128)",0.25,0.5,512,1,9761.836,197.38970449219582,224.68155066703912,sweep_episode_logs/fv=no_history_lr=0.0005_rollout=512_hidden=128x128_clip=0.25_temp=0.5_maxep=512_seed=1.csv
no_history,0.0005,512,"(128, 128)",0.25,0.5,512,2,4236.1226,193.83524004636257,225.3249484578846,sweep_episode_logs/fv=no_history_lr=0.0005_rollout=512_hidden=128x128_clip=0.25_temp=0.5_maxep=512_seed=2.csv
no_history,0.0005,512,"(256, 256)",0.2,0.5,512,0,1851.5378,201.6997876303501,225.27444691595156,sweep_episode_logs/fv=no_history_lr=0.0005_rollout=512_hidden=256x256_clip=0.2_temp=0.5_maxep=512_seed=0.csv
no_history,0.0005,512,"(256, 256)",0.2,0.5,512,1,3923.0237,197.71517602588852,225.1814621250378,sweep_episode_logs/fv=no_history_lr=0.0005_rollout=512_hidden=256x256_clip=0.2_temp=0.5_maxep=512_seed=1.csv
no_history,0.0005,512,"(256, 256)",0.2,0.5,512,2,7319.3545,194.2898032086998,225.1328739579767,sweep_episode_logs/fv=no_history_lr=0.0005_rollout=512_hidden=256x256_clip=0.2_temp=0.5_maxep=512_seed=2.csv
no_history,0.0005,512,"(256, 256)",0.1,0.5,512,0,3816.4978,197.18194144267164,225.1702483750414,sweep_episode_logs/fv=no_history_lr=0.0005_rollout=512_hidden=256x256_clip=0.1_temp=0.5_maxep=512_seed=0.csv
no_history,0.0005,512,"(256, 256)",0.1,0.5,512,1,8941.232,203.53990098612098,225.19809887500014,sweep_episode_logs/fv=no_history_lr=0.0005_rollout=512_hidden=256x256_clip=0.1_temp=0.5_maxep=512_seed=1.csv
no_history,0.0005,512,"(256, 256)",0.1,0.5,512,2,2666.4504,197.40355431350943,224.96625575004146,sweep_episode_logs/fv=no_history_lr=0.0005_rollout=512_hidden=256x256_clip=0.1_temp=0.5_maxep=512_seed=2.csv
no_history,0.0005,512,"(256, 256)",0.25,0.5,512,0,3297.5813,202.46348610433856,224.65112554095685,sweep_episode_logs/fv=no_history_lr=0.0005_rollout=512_hidden=256x256_clip=0.25_temp=0.5_maxep=512_seed=0.csv
no_history,0.0005,512,"(256, 256)",0.25,0.5,512,1,4169.087,200.95371117773465,224.53457983303815,sweep_episode_logs/fv=no_history_lr=0.0005_rollout=512_hidden=256x256_clip=0.25_temp=0.5_maxep=512_seed=1.csv
no_history,0.0005,512,"(256, 256)",0.25,0.5,512,2,6439.873,205.94106340762877,224.47561445797328,sweep_episode_logs/fv=no_history_lr=0.0005_rollout=512_hidden=256x256_clip=0.25_temp=0.5_maxep=512_seed=2.csv
no_history,0.0005,512,"(512, 512)",0.2,0.5,512,0,6904.4575,205.35514302418838,224.09616812504828,sweep_episode_logs/fv=no_history_lr=0.0005_rollout=512_hidden=512x512_clip=0.2_temp=0.5_maxep=512_seed=0.csv
no_history,0.0005,512,"(512, 512)",0.2,0.5,512,1,6952.2085,195.26948399061007,224.65158883400727,sweep_episode_logs/fv=no_history_lr=0.0005_rollout=512_hidden=512x512_clip=0.2_temp=0.5_maxep=512_seed=1.csv
no_history,0.0005,512,"(512, 512)",0.2,0.5,512,2,9736.506,200.54148217087786,224.39177850005217,sweep_episode_logs/fv=no_history_lr=0.0005_rollout=512_hidden=512x512_clip=0.2_temp=0.5_maxep=512_seed=2.csv
no_history,0.0005,512,"(512, 512)",0.1,0.5,512,0,6687.406,201.5040231843389,224.390294957906,sweep_episode_logs/fv=no_history_lr=0.0005_rollout=512_hidden=512x512_clip=0.1_temp=0.5_maxep=512_seed=0.csv
no_history,0.0005,512,"(512, 512)",0.1,0.5,512,1,11288.793,195.8672595677756,224.3755365840625,sweep_episode_logs/fv=no_history_lr=0.0005_rollout=512_hidden=512x512_clip=0.1_temp=0.5_maxep=512_seed=1.csv
no_history,0.0005,512,"(512, 512)",0.1,0.5,512,2,5592.125,195.9780361693946,224.6403382079443,sweep_episode_logs/fv=no_history_lr=0.0005_rollout=512_hidden=512x512_clip=0.1_temp=0.5_maxep=512_seed=2.csv
no_history,0.0005,512,"(512, 512)",0.25,0.5,512,0,6616.769,203.52518098111784,225.04312166699674,sweep_episode_logs/fv=no_history_lr=0.0005_rollout=512_hidden=512x512_clip=0.25_temp=0.5_maxep=512_seed=0.csv
no_history,0.0005,512,"(512, 512)",0.25,0.5,512,1,6531.501,193.13808109693164,224.871908791014,sweep_episode_logs/fv=no_history_lr=0.0005_rollout=512_hidden=512x512_clip=0.25_temp=0.5_maxep=512_seed=1.csv
no_history,0.0005,512,"(512, 512)",0.25,0.5,512,2,3946.8862,201.86403427568823,224.87170766701456,sweep_episode_logs/fv=no_history_lr=0.0005_rollout=512_hidden=512x512_clip=0.25_temp=0.5_maxep=512_seed=2.csv
no_history,0.0005,1024,"(128, 128)",0.2,0.5,512,0,13909.4795,199.85635540061645,221.70529395807534,sweep_episode_logs/fv=no_history_lr=0.0005_rollout=1024_hidden=128x128_clip=0.2_temp=0.5_maxep=512_seed=0.csv
no_history,0.0005,1024,"(128, 128)",0.2,0.5,512,1,5325.2324,197.6583402953424,221.34961320797447,sweep_episode_logs/fv=no_history_lr=0.0005_rollout=1024_hidden=128x128_clip=0.2_temp=0.5_maxep=512_seed=1.csv
no_history,0.0005,1024,"(128, 128)",0.2,0.5,512,2,7332.882,197.015668676607,221.44270524999592,sweep_episode_logs/fv=no_history_lr=0.0005_rollout=1024_hidden=128x128_clip=0.2_temp=0.5_maxep=512_seed=2.csv
no_history,0.0005,1024,"(128, 128)",0.1,0.5,512,0,8201.353,202.35123131279897,221.54261058405973,sweep_episode_logs/fv=no_history_lr=0.0005_rollout=1024_hidden=128x128_clip=0.1_temp=0.5_maxep=512_seed=0.csv
no_history,0.0005,1024,"(128, 128)",0.1,0.5,512,1,5252.056,203.51749961138358,221.5688010000158,sweep_episode_logs/fv=no_history_lr=0.0005_rollout=1024_hidden=128x128_clip=0.1_temp=0.5_maxep=512_seed=1.csv
no_history,0.0005,1024,"(128, 128)",0.1,0.5,512,2,7780.756,196.62785162808274,221.55757495900616,sweep_episode_logs/fv=no_history_lr=0.0005_rollout=1024_hidden=128x128_clip=0.1_temp=0.5_maxep=512_seed=2.csv
no_history,0.0005,1024,"(128, 128)",0.25,0.5,512,0,67308.99,204.7376195531611,221.7804642500123,sweep_episode_logs/fv=no_history_lr=0.0005_rollout=1024_hidden=128x128_clip=0.25_temp=0.5_maxep=512_seed=0.csv
no_history,0.0005,1024,"(128, 128)",0.25,0.5,512,1,4540.833,199.88376050308963,220.938307250035,sweep_episode_logs/fv=no_history_lr=0.0005_rollout=1024_hidden=128x128_clip=0.25_temp=0.5_maxep=512_seed=1.csv
no_history,0.0005,1024,"(128, 128)",0.25,0.5,512,2,3994.5723,202.5285249163735,221.9750334159471,sweep_episode_logs/fv=no_history_lr=0.0005_rollout=1024_hidden=128x128_clip=0.25_temp=0.5_maxep=512_seed=2.csv
no_history,0.0005,1024,"(256, 256)",0.2,0.5,512,0,5286.0737,205.19290640123126,221.50931162503548,sweep_episode_logs/fv=no_history_lr=0.0005_rollout=1024_hidden=256x256_clip=0.2_temp=0.5_maxep=512_seed=0.csv
no_history,0.0005,1024,"(256, 256)",0.2,0.5,512,1,8823.925,204.17244958939978,221.60398899996653,sweep_episode_logs/fv=no_history_lr=0.0005_rollout=1024_hidden=256x256_clip=0.2_temp=0.5_maxep=512_seed=1.csv
no_history,0.0005,1024,"(256, 256)",0.2,0.5,512,2,5152.1387,199.2008386458577,221.4945137500763,sweep_episode_logs/fv=no_history_lr=0.0005_rollout=1024_hidden=256x256_clip=0.2_temp=0.5_maxep=512_seed=2.csv
no_history,0.0005,1024,"(256, 256)",0.1,0.5,512,0,6340.73,201.0720471979263,221.16026741603855,sweep_episode_logs/fv=no_history_lr=0.0005_rollout=1024_hidden=256x256_clip=0.1_temp=0.5_maxep=512_seed=0.csv
no_history,0.0005,1024,"(256, 256)",0.1,0.5,512,1,7143.267,198.19936100662454,221.86842741596047,sweep_episode_logs/fv=no_history_lr=0.0005_rollout=1024_hidden=256x256_clip=0.1_temp=0.5_maxep=512_seed=1.csv
no_history,0.0005,1024,"(256, 256)",0.1,0.5,512,2,5172.1104,201.62283590052328,221.4048294579843,sweep_episode_logs/fv=no_history_lr=0.0005_rollout=1024_hidden=256x256_clip=0.1_temp=0.5_maxep=512_seed=2.csv
no_history,0.0005,1024,"(256, 256)",0.25,0.5,512,0,12684.965,198.83707612349752,221.78588304191362,sweep_episode_logs/fv=no_history_lr=0.0005_rollout=1024_hidden=256x256_clip=0.25_temp=0.5_maxep=512_seed=0.csv
no_history,0.0005,1024,"(256, 256)",0.25,0.5,512,1,6316.1562,201.2509729576842,222.02941524994094,sweep_episode_logs/fv=no_history_lr=0.0005_rollout=1024_hidden=256x256_clip=0.25_temp=0.5_maxep=512_seed=1.csv
no_history,0.0005,1024,"(256, 256)",0.25,0.5,512,2,2839.0007,209.3407824793097,221.88461454201024,sweep_episode_logs/fv=no_history_lr=0.0005_rollout=1024_hidden=256x256_clip=0.25_temp=0.5_maxep=512_seed=2.csv
no_history,0.0005,1024,"(512, 512)",0.2,0.5,512,0,7600.121,204.40657170023027,222.34016987506766,sweep_episode_logs/fv=no_history_lr=0.0005_rollout=1024_hidden=512x512_clip=0.2_temp=0.5_maxep=512_seed=0.csv
no_history,0.0005,1024,"(512, 512)",0.2,0.5,512,1,11427.933,206.1101666634745,221.80329850001726,sweep_episode_logs/fv=no_history_lr=0.0005_rollout=1024_hidden=512x512_clip=0.2_temp=0.5_maxep=512_seed=1.csv
no_history,0.0005,1024,"(512, 512)",0.2,0.5,512,2,4816.3076,197.93693250260264,221.6923025000142,sweep_episode_logs/fv=no_history_lr=0.0005_rollout=1024_hidden=512x512_clip=0.2_temp=0.5_maxep=512_seed=2.csv
no_history,0.0005,1024,"(512, 512)",0.1,0.5,512,0,7307.132,202.11732627144653,221.7160566659877,sweep_episode_logs/fv=no_history_lr=0.0005_rollout=1024_hidden=512x512_clip=0.1_temp=0.5_maxep=512_seed=0.csv
no_history,0.0005,1024,"(512, 512)",0.1,0.5,512,1,6682.545,195.6150076237859,222.0133659580024,sweep_episode_logs/fv=no_history_lr=0.0005_rollout=1024_hidden=512x512_clip=0.1_temp=0.5_maxep=512_seed=1.csv
no_history,0.0005,1024,"(512, 512)",0.1,0.5,512,2,5342.7505,193.31773501967453,221.8921799159143,sweep_episode_logs/fv=no_history_lr=0.0005_rollout=1024_hidden=512x512_clip=0.1_temp=0.5_maxep=512_seed=2.csv
no_history,0.0005,1024,"(512, 512)",0.25,0.5,512,0,10272.27,203.89114602361263,221.53690466692206,sweep_episode_logs/fv=no_history_lr=0.0005_rollout=1024_hidden=512x512_clip=0.25_temp=0.5_maxep=512_seed=0.csv
no_history,0.0005,1024,"(512, 512)",0.25,0.5,512,1,5171.321,198.85484224251155,221.62303570797667,sweep_episode_logs/fv=no_history_lr=0.0005_rollout=1024_hidden=512x512_clip=0.25_temp=0.5_maxep=512_seed=1.csv
no_history,0.0005,1024,"(512, 512)",0.25,0.5,512,2,3671.5327,202.26454788944497,221.52390712499619,sweep_episode_logs/fv=no_history_lr=0.0005_rollout=1024_hidden=512x512_clip=0.25_temp=0.5_maxep=512_seed=2.csv
no_history,0.0005,2048,"(128, 128)",0.2,0.5,512,0,9548.173,208.150813356016,220.87436883396003,sweep_episode_logs/fv=no_history_lr=0.0005_rollout=2048_hidden=128x128_clip=0.2_temp=0.5_maxep=512_seed=0.csv
no_history,0.0005,2048,"(128, 128)",0.2,0.5,512,1,9486.734,203.37644166018828,220.57985574996565,sweep_episode_logs/fv=no_history_lr=0.0005_rollout=2048_hidden=128x128_clip=0.2_temp=0.5_maxep=512_seed=1.csv
no_history,0.0005,2048,"(128, 128)",0.2,0.5,512,2,11276.639,191.7133610992151,221.01329254207667,sweep_episode_logs/fv=no_history_lr=0.0005_rollout=2048_hidden=128x128_clip=0.2_temp=0.5_maxep=512_seed=2.csv
no_history,0.0005,2048,"(128, 128)",0.1,0.5,512,0,4585.896,188.25033980497764,221.5871399169555,sweep_episode_logs/fv=no_history_lr=0.0005_rollout=2048_hidden=128x128_clip=0.1_temp=0.5_maxep=512_seed=0.csv
no_history,0.0005,2048,"(128, 128)",0.1,0.5,512,1,7741.1772,191.7435304540317,221.46054541692138,sweep_episode_logs/fv=no_history_lr=0.0005_rollout=2048_hidden=128x128_clip=0.1_temp=0.5_maxep=512_seed=1.csv
no_history,0.0005,2048,"(128, 128)",0.1,0.5,512,2,6137.6436,189.00186578360888,221.3455393749755,sweep_episode_logs/fv=no_history_lr=0.0005_rollout=2048_hidden=128x128_clip=0.1_temp=0.5_maxep=512_seed=2.csv
no_history,0.0005,2048,"(128, 128)",0.25,0.5,512,0,8242.471,201.75551228540547,221.67492354102433,sweep_episode_logs/fv=no_history_lr=0.0005_rollout=2048_hidden=128x128_clip=0.25_temp=0.5_maxep=512_seed=0.csv
no_history,0.0005,2048,"(128, 128)",0.25,0.5,512,1,27288.742,207.32354371734314,221.7586032919353,sweep_episode_logs/fv=no_history_lr=0.0005_rollout=2048_hidden=128x128_clip=0.25_temp=0.5_maxep=512_seed=1.csv
no_history,0.0005,2048,"(128, 128)",0.25,0.5,512,2,5556.67,199.85305950898587,221.8991308750119,sweep_episode_logs/fv=no_history_lr=0.0005_rollout=2048_hidden=128x128_clip=0.25_temp=0.5_maxep=512_seed=2.csv
no_history,0.0005,2048,"(256, 256)",0.2,0.5,512,0,6617.127,202.346542182803,221.83241883397568,sweep_episode_logs/fv=no_history_lr=0.0005_rollout=2048_hidden=256x256_clip=0.2_temp=0.5_maxep=512_seed=0.csv
no_history,0.0005,2048,"(256, 256)",0.2,0.5,512,1,8641.514,194.74475639534873,221.83888575003948,sweep_episode_logs/fv=no_history_lr=0.0005_rollout=2048_hidden=256x256_clip=0.2_temp=0.5_maxep=512_seed=1.csv
no_history,0.0005,2048,"(256, 256)",0.2,0.5,512,2,7211.98,201.4295705322136,221.40441995800938,sweep_episode_logs/fv=no_history_lr=0.0005_rollout=2048_hidden=256x256_clip=0.2_temp=0.5_maxep=512_seed=2.csv
no_history,0.0005,2048,"(256, 256)",0.1,0.5,512,0,6123.904,197.4631463285419,221.73354995797854,sweep_episode_logs/fv=no_history_lr=0.0005_rollout=2048_hidden=256x256_clip=0.1_temp=0.5_maxep=512_seed=0.csv
no_history,0.0005,2048,"(256, 256)",0.1,0.5,512,1,7220.363,189.42572582369826,222.21986724995077,sweep_episode_logs/fv=no_history_lr=0.0005_rollout=2048_hidden=256x256_clip=0.1_temp=0.5_maxep=512_seed=1.csv
no_history,0.0005,2048,"(256, 256)",0.1,0.5,512,2,5312.0166,189.50999076964553,222.29221424995922,sweep_episode_logs/fv=no_history_lr=0.0005_rollout=2048_hidden=256x256_clip=0.1_temp=0.5_maxep=512_seed=2.csv
no_history,0.0005,2048,"(256, 256)",0.25,0.5,512,0,6655.2344,208.6299548589256,221.7554521659622,sweep_episode_logs/fv=no_history_lr=0.0005_rollout=2048_hidden=256x256_clip=0.25_temp=0.5_maxep=512_seed=0.csv
no_history,0.0005,2048,"(256, 256)",0.25,0.5,512,1,9992.168,203.09311160455337,221.56435266695917,sweep_episode_logs/fv=no_history_lr=0.0005_rollout=2048_hidden=256x256_clip=0.25_temp=0.5_maxep=512_seed=1.csv
no_history,0.0005,2048,"(256, 256)",0.25,0.5,512,2,8492.818,201.4983088580245,221.21622695797123,sweep_episode_logs/fv=no_history_lr=0.0005_rollout=2048_hidden=256x256_clip=0.25_temp=0.5_maxep=512_seed=2.csv
no_history,0.0005,2048,"(512, 512)",0.2,0.5,512,0,6033.3423,203.07197443626077,221.17761904199142,sweep_episode_logs/fv=no_history_lr=0.0005_rollout=2048_hidden=512x512_clip=0.2_temp=0.5_maxep=512_seed=0.csv
no_history,0.0005,2048,"(512, 512)",0.2,0.5,512,1,6683.7515,197.2125034348315,221.12391645798925,sweep_episode_logs/fv=no_history_lr=0.0005_rollout=2048_hidden=512x512_clip=0.2_temp=0.5_maxep=512_seed=1.csv
no_history,0.0005,2048,"(512, 512)",0.2,0.5,512,2,4440.119,202.24654156133835,221.6315800419543,sweep_episode_logs/fv=no_history_lr=0.0005_rollout=2048_hidden=512x512_clip=0.2_temp=0.5_maxep=512_seed=2.csv
no_history,0.0005,2048,"(512, 512)",0.1,0.5,512,0,4733.2554,189.6315603487828,220.8099280409515,sweep_episode_logs/fv=no_history_lr=0.0005_rollout=2048_hidden=512x512_clip=0.1_temp=0.5_maxep=512_seed=0.csv
no_history,0.0005,2048,"(512, 512)",0.1,0.5,512,1,8082.739,192.60974228023588,221.0857878329698,sweep_episode_logs/fv=no_history_lr=0.0005_rollout=2048_hidden=512x512_clip=0.1_temp=0.5_maxep=512_seed=1.csv
no_history,0.0005,2048,"(512, 512)",0.1,0.5,512,2,5499.9136,191.4361066928207,221.36257400002796,sweep_episode_logs/fv=no_history_lr=0.0005_rollout=2048_hidden=512x512_clip=0.1_temp=0.5_maxep=512_seed=2.csv
no_history,0.0005,2048,"(512, 512)",0.25,0.5,512,0,9797.796,198.03963310618965,221.15097204199992,sweep_episode_logs/fv=no_history_lr=0.0005_rollout=2048_hidden=512x512_clip=0.25_temp=0.5_maxep=512_seed=0.csv
no_history,0.0005,2048,"(512, 512)",0.25,0.5,512,1,10574.347,192.6622530512544,221.4563095420599,sweep_episode_logs/fv=no_history_lr=0.0005_rollout=2048_hidden=512x512_clip=0.25_temp=0.5_maxep=512_seed=1.csv
no_history,0.0005,2048,"(512, 512)",0.25,0.5,512,2,3911.7305,198.30414594750886,221.95306725008413,sweep_episode_logs/fv=no_history_lr=0.0005_rollout=2048_hidden=512x512_clip=0.25_temp=0.5_maxep=512_seed=2.csv
